"NAME:","walk_5_2.csv"
"EXPERIMENT TIME:","23-05-2022 12:19"
"ACTIVITY TYPE:","Walk"
"COUNT OF ACTUAL STEPS","90"

"Time [sec]","ACC X","ACC Y","ACC Z"
"0.0","-10.12","-1.37","1.48"
"0.029","-10.14","-1.33","1.49"
"0.059","-10.16","-1.30","1.47"
"0.088","-10.17","-1.30","1.47"
"0.117","-10.19","-1.29","1.49"
"0.146","-10.20","-1.27","1.50"
"0.175","-10.19","-1.27","1.50"
"0.204","-10.18","-1.26","1.49"
"0.234","-10.18","-1.26","1.48"
"0.263","-10.19","-1.27","1.47"
"0.293","-10.19","-1.28","1.46"
"0.321","-10.18","-1.31","1.42"
"0.35","-10.18","-1.31","1.42"
"0.379","-10.17","-1.30","1.42"
"0.409","-10.16","-1.31","1.42"
"0.438","-10.16","-1.31","1.42"
"0.468","-10.16","-1.30","1.42"
"0.496","-10.16","-1.30","1.42"
"0.525","-10.17","-1.30","1.42"
"0.554","-10.18","-1.31","1.42"
"0.584","-10.17","-1.32","1.42"
"0.613","-10.17","-1.33","1.44"
"0.643","-10.17","-1.34","1.43"
"0.671","-10.19","-1.34","1.44"
"0.7","-10.19","-1.33","1.43"
"0.729","-10.18","-1.34","1.44"
"0.759","-10.16","-1.36","1.42"
"0.788","-10.15","-1.36","1.40"
"0.818","-10.14","-1.36","1.40"
"0.846","-10.13","-1.37","1.40"
"0.875","-10.14","-1.37","1.37"
"0.904","-10.15","-1.37","1.35"
"0.934","-10.14","-1.36","1.36"
"0.963","-10.12","-1.37","1.38"
"0.993","-10.08","-1.39","1.39"
"1.021","-10.04","-1.42","1.38"
"1.05","-10.01","-1.45","1.37"
"1.079","-9.98","-1.52","1.40"
"1.108","-9.95","-1.58","1.43"
"1.136","-9.86","-1.58","1.51"
"1.164","-9.76","-1.61","1.61"
"1.193","-9.79","-1.67","1.68"
"1.22","-9.93","-1.72","1.75"
"1.248","-10.08","-1.70","1.77"
"1.278","-10.20","-1.59","1.80"
"1.308","-10.25","-1.46","1.81"
"1.336","-10.26","-1.33","1.82"
"1.365","-10.24","-1.16","1.87"
"1.394","-10.23","-1.00","1.90"
"1.423","-10.26","-0.92","1.86"
"1.453","-10.33","-0.84","1.78"
"1.483","-10.29","-0.71","1.75"
"1.511","-10.16","-0.58","1.74"
"1.54","-10.01","-0.55","1.75"
"1.569","-9.90","-0.61","1.76"
"1.598","-9.86","-0.67","1.82"
"1.625","-9.90","-0.68","1.91"
"1.653","-10.03","-0.70","1.97"
"1.683","-10.29","-0.76","2.00"
"1.713","-10.55","-0.86","1.99"
"1.741","-10.83","-0.93","2.10"
"1.77","-11.23","-0.99","2.28"
"1.799","-11.63","-1.22","2.42"
"1.828","-11.87","-1.52","2.58"
"1.858","-11.76","-1.84","2.75"
"1.888","-11.30","-2.15","2.84"
"1.916","-10.75","-2.53","2.80"
"1.945","-10.46","-2.83","2.61"
"1.974","-10.49","-2.84","2.71"
"2.003","-10.65","-2.50","3.00"
"2.033","-10.38","-2.30","2.98"
"2.063","-9.56","-2.35","2.79"
"2.09","-8.65","-2.26","2.56"
"2.118","-8.07","-1.94","2.35"
"2.146","-8.29","-1.42","2.12"
"2.174","-9.05","-1.07","1.89"
"2.203","-9.73","-0.90","1.78"
"2.23","-9.97","-0.82","1.82"
"2.259","-9.82","-0.91","1.53"
"2.288","-9.83","-1.49","1.17"
"2.315","-10.63","-1.59","1.09"
"2.344","-11.23","-1.31","1.55"
"2.373","-11.15","-1.13","1.94"
"2.402","-11.02","-1.16","2.13"
"2.433","-10.76","-1.31","2.32"
"2.461","-10.41","-1.35","2.71"
"2.49","-10.18","-1.26","3.22"
"2.519","-10.01","-1.26","3.78"
"2.548","-9.72","-1.46","4.06"
"2.576","-9.32","-1.62","3.31"
"2.604","-8.85","-1.80","2.51"
"2.633","-8.70","-2.02","2.17"
"2.661","-9.27","-2.09","2.21"
"2.689","-9.66","-2.13","2.38"
"2.717","-9.79","-2.35","2.44"
"2.745","-9.96","-2.61","2.22"
"2.773","-10.54","-2.70","1.82"
"2.803","-11.32","-2.46","1.66"
"2.833","-11.76","-2.18","1.98"
"2.861","-11.52","-1.88","3.05"
"2.89","-10.72","-1.96","3.96"
"2.919","-10.14","-2.31","3.99"
"2.948","-9.84","-2.81","3.91"
"2.976","-10.30","-2.88","3.73"
"3.005","-10.61","-2.42","3.84"
"3.035","-10.60","-1.77","3.77"
"3.064","-9.83","-1.73","3.71"
"3.093","-8.87","-2.13","3.38"
"3.12","-8.39","-2.49","2.97"
"3.148","-8.50","-2.59","2.77"
"3.176","-9.02","-2.39","2.62"
"3.204","-9.65","-2.02","2.34"
"3.233","-9.95","-1.59","1.89"
"3.261","-9.53","-1.49","1.78"
"3.289","-9.35","-1.85","1.69"
"3.318","-9.82","-2.39","1.88"
"3.345","-10.77","-2.26","2.06"
"3.374","-11.08","-1.92","2.40"
"3.403","-10.77","-1.62","2.61"
"3.433","-10.50","-1.43","2.73"
"3.463","-10.23","-1.49","2.90"
"3.491","-9.93","-1.62","3.24"
"3.519","-9.76","-1.78","3.70"
"3.548","-9.78","-1.97","3.84"
"3.575","-9.69","-2.04","3.54"
"3.603","-9.27","-1.98","2.90"
"3.633","-8.63","-2.11","2.52"
"3.66","-8.46","-2.15","2.14"
"3.688","-8.86","-2.12","1.97"
"3.716","-9.16","-2.11","1.99"
"3.744","-9.37","-2.08","2.14"
"3.773","-9.80","-1.84","2.18"
"3.8","-10.33","-1.41","2.00"
"3.829","-10.97","-1.19","1.69"
"3.859","-11.56","-1.26","1.87"
"3.888","-11.72","-1.53","2.76"
"3.917","-11.53","-1.78","3.38"
"3.946","-11.20","-2.08","3.50"
"3.975","-10.80","-2.45","3.39"
"4.004","-10.40","-2.88","3.24"
"4.034","-10.69","-2.99","3.05"
"4.063","-10.97","-2.73","3.04"
"4.092","-11.18","-2.27","2.84"
"4.121","-10.32","-2.04","2.91"
"4.15","-9.15","-1.84","2.79"
"4.178","-8.34","-1.60","2.40"
"4.208","-8.15","-1.36","2.15"
"4.235","-8.76","-0.95","2.12"
"4.263","-9.86","-0.47","1.84"
"4.291","-10.83","-0.13","1.39"
"4.32","-10.86","-0.09","1.05"
"4.349","-10.41","-0.62","0.93"
"4.378","-10.20","-1.57","1.27"
"4.408","-11.18","-1.66","1.38"
"4.438","-11.84","-1.55","1.63"
"4.466","-11.81","-1.55","1.78"
"4.495","-11.75","-1.53","1.91"
"4.524","-11.43","-1.60","2.08"
"4.553","-10.74","-1.60","2.68"
"4.583","-10.18","-1.42","3.48"
"4.613","-9.92","-1.42","4.02"
"4.64","-9.87","-1.46","3.74"
"4.668","-9.47","-1.47","2.81"
"4.696","-8.50","-1.87","2.38"
"4.724","-8.24","-2.09","2.14"
"4.753","-8.77","-2.08","2.06"
"4.78","-9.17","-2.08","1.98"
"4.809","-9.41","-2.13","1.93"
"4.838","-9.88","-2.11","1.66"
"4.865","-10.47","-1.97","1.27"
"4.894","-10.96","-1.87","1.18"
"4.923","-11.38","-1.79","1.76"
"4.953","-11.69","-1.68","2.99"
"4.983","-11.70","-1.66","3.71"
"5.011","-11.32","-1.86","3.81"
"5.04","-10.78","-2.16","3.66"
"5.069","-10.38","-2.64","3.42"
"5.098","-10.58","-2.83","3.28"
"5.128","-10.70","-2.58","3.44"
"5.158","-10.43","-2.29","3.56"
"5.186","-9.62","-2.11","3.51"
"5.214","-8.80","-2.06","3.25"
"5.243","-8.18","-2.08","2.72"
"5.27","-8.23","-2.01","2.36"
"5.298","-8.88","-1.62","2.09"
"5.326","-9.62","-1.26","1.97"
"5.354","-10.14","-0.87","1.94"
"5.384","-10.12","-0.75","1.79"
"5.413","-9.92","-1.28","1.53"
"5.441","-10.18","-2.02","1.52"
"5.47","-10.92","-2.23","1.66"
"5.499","-11.11","-2.15","1.86"
"5.528","-10.93","-1.98","1.98"
"5.558","-10.76","-1.87","2.20"
"5.588","-10.49","-1.98","2.70"
"5.616","-10.41","-2.04","3.16"
"5.645","-10.45","-2.01","3.38"
"5.674","-10.32","-1.95","3.38"
"5.703","-9.91","-1.78","3.20"
"5.733","-9.08","-1.52","2.95"
"5.76","-8.35","-1.57","2.65"
"5.788","-8.48","-1.71","2.36"
"5.816","-9.00","-1.83","2.24"
"5.844","-9.26","-1.92","2.06"
"5.873","-9.50","-1.87","1.62"
"5.9","-9.72","-1.60","1.33"
"5.928","-10.01","-1.27","1.32"
"5.958","-10.41","-1.25","1.78"
"5.988","-10.92","-1.43","2.53"
"6.016","-11.32","-1.65","3.11"
"6.045","-11.32","-1.82","3.32"
"6.074","-10.88","-2.06","3.34"
"6.103","-10.46","-2.41","3.05"
"6.133","-10.52","-2.68","2.93"
"6.162","-10.79","-2.66","3.15"
"6.191","-10.82","-2.69","3.31"
"6.22","-10.32","-2.66","3.45"
"6.249","-9.43","-2.55","3.31"
"6.278","-8.60","-2.37","2.89"
"6.305","-8.08","-2.17","2.45"
"6.334","-8.19","-1.91","2.16"
"6.363","-9.02","-1.42","1.72"
"6.39","-9.64","-1.02","1.73"
"6.418","-9.64","-0.84","1.84"
"6.446","-9.38","-0.98","1.80"
"6.474","-9.33","-1.33","1.83"
"6.502","-10.04","-1.93","1.59"
"6.532","-11.23","-2.21","1.17"
"6.561","-11.89","-2.26","1.25"
"6.59","-11.82","-2.29","1.55"
"6.619","-11.57","-2.31","1.85"
"6.648","-10.94","-2.38","2.40"
"6.678","-10.48","-2.26","2.85"
"6.708","-10.27","-2.17","3.17"
"6.736","-9.98","-2.23","3.52"
"6.764","-9.63","-2.22","3.49"
"6.792","-9.06","-1.94","3.00"
"6.82","-8.60","-1.64","2.54"
"6.848","-8.35","-1.63","2.26"
"6.876","-8.72","-1.58","2.17"
"6.904","-9.08","-1.60","2.16"
"6.933","-9.40","-1.69","2.27"
"6.961","-9.81","-1.69","2.34"
"6.989","-10.33","-1.36","2.02"
"7.018","-11.09","-1.10","1.60"
"7.048","-11.68","-1.06","1.67"
"7.076","-11.98","-1.24","2.53"
"7.106","-11.61","-1.67","3.55"
"7.135","-11.17","-1.91","3.77"
"7.164","-10.69","-2.24","3.46"
"7.193","-10.28","-2.70","3.08"
"7.223","-10.30","-2.94","2.94"
"7.251","-10.61","-2.78","2.90"
"7.281","-10.69","-2.55","2.97"
"7.31","-9.93","-2.40","3.08"
"7.338","-8.99","-2.23","2.92"
"7.366","-8.23","-1.98","2.59"
"7.394","-8.06","-1.64","2.26"
"7.423","-8.65","-1.26","2.07"
"7.45","-9.46","-0.90","2.01"
"7.478","-10.01","-0.60","2.11"
"7.508","-10.12","-0.49","1.88"
"7.538","-9.90","-0.95","1.62"
"7.565","-10.09","-1.64","1.68"
"7.594","-10.68","-1.80","1.89"
"7.623","-11.01","-1.70","2.20"
"7.653","-10.97","-1.64","2.30"
"7.683","-10.90","-1.58","2.46"
"7.711","-10.68","-1.67","2.85"
"7.74","-10.42","-1.75","3.53"
"7.769","-10.36","-1.80","3.81"
"7.798","-10.12","-1.85","3.91"
"7.827","-9.77","-1.74","3.73"
"7.855","-9.23","-1.51","3.11"
"7.884","-8.73","-1.66","2.60"
"7.913","-8.74","-1.86","2.28"
"7.94","-9.19","-1.97","2.30"
"7.968","-9.47","-2.09","2.42"
"7.996","-9.71","-2.18","2.39"
"8.024","-10.00","-2.20","2.00"
"8.053","-10.28","-2.29","1.81"
"8.083","-10.93","-2.32","1.98"
"8.113","-11.19","-2.16","2.42"
"8.141","-10.73","-2.08","2.97"
"8.17","-10.23","-2.08","3.22"
"8.199","-9.96","-2.26","3.31"
"8.228","-9.95","-2.43","3.34"
"8.255","-10.35","-2.39","3.41"
"8.285","-10.70","-2.06","3.26"
"8.314","-10.43","-1.94","3.13"
"8.343","-9.77","-1.87","3.06"
"8.371","-8.88","-1.91","2.78"
"8.399","-8.62","-2.00","2.43"
"8.428","-9.09","-1.96","2.26"
"8.456","-9.83","-1.74","2.11"
"8.484","-10.19","-1.50","1.92"
"8.513","-10.12","-1.40","1.73"
"8.543","-9.72","-1.45","1.37"
"8.57","-9.54","-1.74","1.06"
"8.598","-10.01","-1.98","0.97"
"8.628","-10.83","-1.84","1.18"
"8.658","-11.28","-1.55","1.71"
"8.686","-11.02","-1.51","2.05"
"8.715","-10.53","-1.75","2.22"
"8.744","-10.06","-2.02","2.43"
"8.773","-9.85","-2.16","2.68"
"8.801","-10.24","-2.06","2.75"
"8.831","-10.56","-1.89","2.69"
"8.86","-10.15","-1.84","2.92"
"8.889","-9.41","-1.59","3.14"
"8.918","-8.63","-1.50","3.01"
"8.945","-8.32","-1.59","2.59"
"8.973","-8.63","-1.71","2.35"
"9.001","-9.15","-1.78","2.19"
"9.029","-9.65","-1.78","1.98"
"9.058","-10.23","-1.61","1.73"
"9.088","-10.20","-1.54","1.59"
"9.116","-10.20","-1.84","1.80"
"9.145","-10.82","-2.02","2.30"
"9.174","-11.23","-2.07","2.77"
"9.203","-11.12","-2.11","3.00"
"9.233","-10.73","-2.28","3.08"
"9.263","-10.34","-2.54","3.10"
"9.291","-10.33","-2.79","3.18"
"9.32","-10.58","-2.49","3.49"
"9.349","-10.66","-1.98","3.69"
"9.378","-10.46","-1.63","3.73"
"9.408","-9.81","-1.43","3.53"
"9.436","-8.99","-1.42","2.97"
"9.464","-8.64","-1.44","2.43"
"9.493","-9.03","-1.29","2.25"
"9.52","-9.83","-0.87","2.32"
"9.548","-10.63","-0.29","2.45"
"9.578","-10.80","0.10","2.31"
"9.606","-10.50","-0.44","1.90"
"9.635","-10.35","-1.21","1.93"
"9.664","-10.42","-1.53","2.45"
"9.693","-10.58","-1.41","2.80"
"9.723","-10.68","-1.06","2.97"
"9.751","-10.68","-0.88","3.19"
"9.781","-10.43","-0.93","3.42"
"9.81","-10.00","-1.32","3.48"
"9.839","-9.54","-1.82","3.28"
"9.868","-9.12","-2.07","3.23"
"9.895","-9.00","-1.57","3.24"
"9.923","-8.88","-1.20","3.03"
"9.951","-8.83","-1.31","2.55"
"9.98","-9.06","-1.55","2.26"
"10.008","-9.34","-1.83","2.15"
"10.036","-9.70","-1.80","2.01"
"10.064","-10.21","-1.62","1.88"
"10.093","-10.86","-1.41","1.97"
"10.123","-11.47","-1.18","2.53"
"10.151","-11.95","-1.16","3.06"
"10.181","-11.68","-1.58","3.37"
"10.21","-11.00","-2.05","3.37"
"10.239","-10.42","-2.42","3.22"
"10.268","-10.24","-2.59","3.16"
"10.298","-10.54","-2.44","3.42"
"10.326","-11.06","-2.08","3.50"
"10.356","-10.69","-2.15","3.47"
"10.385","-9.83","-2.20","3.21"
"10.413","-8.87","-2.22","2.69"
"10.441","-8.16","-2.07","2.32"
"10.469","-8.37","-1.71","2.16"
"10.497","-9.43","-1.04","1.93"
"10.525","-10.11","-0.58","1.88"
"10.554","-10.18","-0.35","1.97"
"10.584","-9.95","-0.40","1.76"
"10.613","-9.53","-1.09","1.66"
"10.64","-10.17","-1.53","1.45"
"10.669","-10.95","-1.60","1.40"
"10.698","-11.18","-1.55","1.59"
"10.727","-11.12","-1.58","1.83"
"10.758","-10.82","-1.73","2.08"
"10.786","-10.16","-2.13","2.52"
"10.815","-10.05","-2.24","2.84"
"10.844","-10.32","-2.19","2.52"
"10.873","-10.19","-2.31","2.18"
"10.903","-9.72","-2.19","2.06"
"10.931","-8.94","-1.93","2.15"
"10.959","-8.47","-1.79","2.29"
"10.988","-8.65","-1.75","2.17"
"11.015","-9.10","-1.69","1.67"
"11.043","-9.63","-1.57","1.13"
"11.071","-9.89","-1.43","0.88"
"11.099","-9.96","-1.22","0.94"
"11.128","-10.08","-1.19","1.54"
"11.158","-10.54","-1.16","2.28"
"11.186","-11.11","-1.22","2.80"
"11.215","-11.32","-1.41","3.06"
"11.244","-11.03","-1.77","3.06"
"11.273","-10.78","-2.18","2.75"
"11.303","-10.76","-2.55","2.57"
"11.333","-10.83","-2.65","2.80"
"11.361","-10.86","-2.53","3.12"
"11.39","-10.57","-2.46","3.21"
"11.419","-9.83","-2.35","3.04"
"11.448","-8.93","-2.28","2.66"
"11.475","-8.23","-2.20","2.32"
"11.503","-8.24","-2.08","1.95"
"11.533","-9.02","-1.75","1.45"
"11.56","-9.77","-1.37","1.23"
"11.588","-9.91","-1.09","1.49"
"11.616","-9.65","-1.12","1.66"
"11.644","-9.54","-1.64","1.49"
"11.673","-10.02","-2.36","1.24"
"11.701","-11.20","-2.73","0.79"
"11.73","-12.02","-2.76","0.75"
"11.76","-12.04","-2.80","0.89"
"11.789","-11.58","-2.79","1.28"
"11.818","-10.93","-2.82","1.93"
"11.848","-10.30","-2.77","2.60"
"11.876","-10.03","-2.66","3.05"
"11.905","-9.89","-2.70","3.41"
"11.934","-9.74","-2.54","3.31"
"11.963","-9.62","-2.03","2.47"
"11.99","-8.91","-1.91","2.24"
"12.018","-8.32","-1.95","2.18"
"12.046","-8.51","-1.87","2.09"
"12.074","-8.99","-1.82","1.93"
"12.102","-9.36","-1.88","1.78"
"12.13","-9.92","-1.95","1.62"
"12.159","-10.58","-1.87","1.17"
"12.188","-11.10","-1.88","0.68"
"12.218","-11.38","-1.98","0.95"
"12.246","-11.18","-2.21","2.25"
"12.275","-10.76","-2.28","3.04"
"12.304","-10.48","-2.50","3.11"
"12.334","-10.18","-2.82","2.88"
"12.363","-10.10","-3.17","2.68"
"12.393","-10.25","-3.14","2.74"
"12.421","-10.59","-2.59","2.73"
"12.45","-10.14","-2.41","2.94"
"12.479","-9.41","-2.24","3.05"
"12.508","-8.73","-1.98","2.84"
"12.536","-8.36","-1.73","2.42"
"12.564","-8.59","-1.43","2.19"
"12.593","-9.36","-0.93","1.97"
"12.62","-10.02","-0.62","1.83"
"12.649","-10.12","-0.46","1.78"
"12.678","-10.04","-0.46","1.44"
"12.708","-9.64","-1.18","1.36"
"12.736","-10.33","-1.45","1.38"
"12.765","-11.23","-1.47","1.75"
"12.794","-11.54","-1.48","2.09"
"12.823","-11.45","-1.50","2.21"
"12.853","-11.28","-1.51","2.32"
"12.883","-10.90","-1.63","2.77"
"12.911","-10.66","-1.59","3.47"
"12.94","-10.62","-1.56","3.99"
"12.969","-10.42","-1.78","4.17"
"12.998","-9.92","-1.87","4.03"
"13.028","-9.44","-1.94","3.24"
"13.054","-9.10","-2.02","2.43"
"13.083","-9.21","-2.03","2.09"
"13.111","-9.50","-2.05","2.04"
"13.139","-9.60","-2.17","1.93"
"13.168","-9.67","-2.35","1.70"
"13.195","-9.85","-2.37","1.30"
"13.223","-10.30","-2.19","0.89"
"13.253","-10.88","-1.97","1.02"
"13.283","-11.42","-1.58","1.74"
"13.311","-10.98","-1.41","2.84"
"13.34","-10.30","-1.49","3.43"
"13.369","-9.95","-1.80","3.44"
"13.398","-10.18","-2.16","3.39"
"13.426","-10.76","-1.99","3.65"
"13.456","-11.40","-1.31","3.70"
"13.485","-11.40","-1.07","3.56"
"13.514","-10.63","-1.23","3.47"
"13.543","-9.70","-1.42","3.31"
"13.571","-9.17","-1.60","2.89"
"13.599","-9.46","-1.44","2.58"
"13.628","-10.18","-1.18","2.40"
"13.658","-10.54","-0.96","2.18"
"13.686","-10.23","-0.72","1.92"
"13.716","-9.88","-0.74","1.45"
"13.743","-9.69","-1.33","1.37"
"13.771","-10.13","-1.40","1.58"
"13.801","-10.60","-1.18","2.18"
"13.829","-10.80","-0.86","2.54"
"13.859","-10.64","-0.80","2.67"
"13.888","-10.28","-1.09","2.70"
"13.918","-9.76","-1.38","2.93"
"13.946","-9.58","-1.54","3.34"
"13.973","-9.89","-1.68","3.58"
"14.001","-9.94","-1.82","3.63"
"14.029","-9.68","-1.80","3.22"
"14.058","-8.92","-2.03","2.86"
"14.086","-8.56","-2.14","2.30"
"14.114","-8.69","-2.26","2.03"
"14.143","-9.05","-2.30","1.95"
"14.171","-9.31","-2.34","1.88"
"14.198","-9.85","-2.09","1.61"
"14.226","-10.47","-1.58","1.29"
"14.255","-10.74","-1.27","1.25"
"14.285","-11.04","-1.42","1.67"
"14.314","-11.15","-1.73","2.50"
"14.343","-11.12","-1.93","2.97"
"14.373","-10.85","-2.19","3.11"
"14.401","-10.46","-2.48","2.96"
"14.43","-10.39","-2.68","2.82"
"14.46","-10.90","-2.32","2.85"
"14.489","-11.23","-1.93","2.93"
"14.518","-10.57","-2.04","3.07"
"14.548","-9.69","-2.07","3.11"
"14.575","-8.79","-2.03","2.84"
"14.603","-8.30","-1.89","2.38"
"14.633","-8.69","-1.49","2.01"
"14.66","-9.72","-0.94","1.55"
"14.688","-10.13","-0.67","1.48"
"14.717","-9.95","-0.51","1.60"
"14.745","-9.47","-0.75","1.60"
"14.773","-9.63","-1.39","1.55"
"14.801","-10.59","-1.66","1.30"
"14.83","-11.12","-1.73","1.42"
"14.86","-11.12","-1.62","1.61"
"14.889","-10.92","-1.51","1.76"
"14.918","-10.52","-1.67","2.06"
"14.948","-9.78","-1.96","2.68"
"14.975","-9.79","-1.97","3.15"
"15.003","-10.24","-2.04","3.22"
"15.033","-10.43","-2.14","2.75"
"15.063","-9.79","-2.06","2.21"
"15.09","-8.77","-1.93","2.29"
"15.118","-8.38","-1.76","2.25"
"15.146","-8.67","-1.60","2.22"
"15.174","-9.08","-1.62","2.20"
"15.202","-9.40","-1.80","2.08"
"15.23","-10.04","-1.89","1.70"
"15.261","-10.83","-1.64","0.94"
"15.289","-11.05","-1.57","0.73"
"15.318","-11.07","-1.67","1.34"
"15.348","-11.00","-1.62","2.35"
"15.376","-11.01","-1.65","2.75"
"15.405","-10.88","-1.97","2.79"
"15.436","-10.70","-2.48","2.77"
"15.464","-10.78","-2.78","2.79"
"15.493","-11.18","-2.49","2.75"
"15.523","-11.44","-1.75","2.38"
"15.551","-10.51","-1.86","2.53"
"15.581","-9.51","-1.80","2.56"
"15.609","-8.72","-1.73","2.38"
"15.638","-8.28","-1.77","1.97"
"15.665","-8.54","-1.65","1.78"
"15.693","-9.53","-1.20","1.43"
"15.721","-10.41","-0.87","0.84"
"15.75","-10.64","-0.52","0.32"
"15.779","-10.14","-0.79","0.31"
"15.809","-9.58","-1.58","1.02"
"15.837","-10.21","-1.70","1.69"
"15.866","-10.93","-1.54","2.07"
"15.896","-11.04","-1.44","2.24"
"15.924","-11.05","-1.35","2.32"
"15.953","-10.89","-1.47","2.38"
"15.983","-10.27","-1.90","2.65"
"16.012","-9.89","-2.13","2.91"
"16.04","-9.76","-2.15","2.89"
"16.068","-9.69","-1.98","2.59"
"16.096","-9.18","-1.79","2.28"
"16.124","-8.43","-1.63","1.91"
"16.153","-8.27","-1.67","1.74"
"16.181","-8.86","-1.77","1.73"
"16.209","-9.46","-1.93","1.68"
"16.238","-10.15","-1.77","1.23"
"16.266","-10.64","-1.38","0.91"
"16.296","-10.78","-1.15","1.14"
"16.324","-11.05","-1.23","1.99"
"16.353","-11.55","-1.40","2.84"
"16.383","-11.80","-1.67","3.30"
"16.413","-11.58","-2.06","3.26"
"16.441","-11.05","-2.47","2.80"
"16.471","-10.39","-2.84","2.43"
"16.499","-10.39","-2.73","2.25"
"16.528","-10.42","-2.64","2.66"
"16.558","-10.23","-2.60","3.10"
"16.588","-9.72","-2.40","3.22"
"16.615","-8.89","-2.30","2.86"
"16.643","-8.12","-2.21","2.28"
"16.671","-8.19","-1.96","1.80"
"16.699","-9.09","-1.40","1.44"
"16.728","-9.96","-0.96","1.46"
"16.756","-10.32","-0.64","1.62"
"16.785","-9.94","-0.70","1.78"
"16.813","-9.71","-0.92","1.67"
"16.841","-10.36","-1.40","1.38"
"16.87","-11.46","-1.70","1.08"
"16.899","-12.04","-1.82","1.12"
"16.929","-11.96","-1.89","1.27"
"16.958","-11.59","-1.98","1.59"
"16.988","-10.95","-2.24","2.16"
"17.016","-10.48","-2.29","2.69"
"17.045","-10.54","-2.24","3.04"
"17.074","-10.66","-2.31","3.06"
"17.103","-10.44","-2.38","2.51"
"17.133","-9.65","-2.20","2.07"
"17.161","-8.70","-2.11","1.93"
"17.189","-8.36","-1.98","1.88"
"17.218","-8.76","-1.83","1.87"
"17.246","-9.17","-1.83","1.79"
"17.273","-9.48","-1.90","1.61"
"17.301","-9.82","-1.81","1.29"
"17.329","-10.25","-1.35","0.89"
"17.359","-10.70","-1.04","0.81"
"17.388","-11.05","-1.09","1.58"
"17.418","-11.28","-1.37","2.47"
"17.446","-11.42","-1.68","2.99"
"17.475","-11.21","-2.03","3.00"
"17.504","-10.71","-2.40","2.66"
"17.534","-10.34","-2.71","2.34"
"17.563","-10.49","-2.76","2.22"
"17.593","-10.76","-2.67","2.33"
"17.621","-10.81","-2.75","2.56"
"17.65","-10.27","-2.64","2.76"
"17.679","-9.45","-2.39","2.63"
"17.708","-8.72","-2.00","2.30"
"17.736","-8.47","-1.51","2.01"
"17.764","-9.13","-0.93","1.60"
"17.793","-10.03","-0.48","1.41"
"17.821","-10.50","-0.25","1.48"
"17.851","-10.33","-0.30","1.65"
"17.879","-10.18","-0.47","1.65"
"17.909","-10.21","-1.06","1.42"
"17.938","-10.78","-1.49","1.14"
"17.968","-11.24","-1.63","1.27"
"17.996","-11.29","-1.70","1.50"
"18.026","-11.14","-1.90","1.75"
"18.054","-10.79","-2.21","2.26"
"18.084","-10.47","-2.34","2.80"
"18.113","-10.48","-2.30","2.95"
"18.143","-10.61","-2.24","2.60"
"18.171","-10.30","-2.30","2.28"
"18.2","-9.59","-2.04","2.29"
"18.228","-8.88","-1.84","2.37"
"18.256","-8.68","-1.79","2.17"
"18.286","-9.00","-1.79","1.93"
"18.313","-9.35","-1.79","1.58"
"18.341","-9.39","-1.82","1.23"
"18.369","-9.52","-1.86","0.96"
"18.397","-9.72","-1.85","0.98"
"18.426","-9.84","-1.93","1.33"
"18.453","-10.26","-2.07","1.85"
"18.483","-10.96","-2.10","2.31"
"18.513","-11.30","-2.00","2.75"
"18.541","-11.08","-1.96","2.94"
"18.57","-10.66","-2.07","2.90"
"18.599","-10.56","-2.25","2.93"
"18.628","-10.99","-2.29","3.16"
"18.658","-11.30","-2.15","3.35"
"18.688","-11.00","-1.97","3.49"
"18.716","-10.36","-1.80","3.58"
"18.745","-9.55","-1.72","3.49"
"18.773","-8.80","-1.77","3.22"
"18.801","-8.75","-1.84","2.80"
"18.829","-9.32","-1.89","2.44"
"18.858","-9.89","-1.84","2.32"
"18.886","-10.06","-1.62","2.41"
"18.915","-9.67","-1.57","2.38"
"18.943","-9.13","-1.75","2.35"
"18.971","-9.07","-1.83","2.16"
"18.999","-9.61","-1.88","2.01"
"19.028","-10.68","-1.78","1.88"
"19.056","-11.40","-1.75","2.02"
"19.086","-11.30","-1.92","2.28"
"19.116","-10.58","-2.06","2.59"
"19.144","-10.00","-2.02","2.86"
"19.173","-9.62","-2.00","3.04"
"19.201","-9.43","-2.00","3.28"
"19.229","-9.57","-2.13","3.47"
"19.258","-9.77","-2.50","3.59"
"19.286","-9.61","-2.67","3.29"
"19.315","-9.06","-2.69","2.75"
"19.343","-8.57","-2.59","2.20"
"19.37","-8.34","-2.39","1.89"
"19.398","-8.59","-2.19","1.81"
"19.426","-8.92","-2.11","1.76"
"19.454","-9.36","-1.98","1.79"
"19.483","-9.99","-1.73","1.76"
"19.511","-10.52","-1.46","1.44"
"19.541","-11.03","-1.38","1.40"
"19.569","-11.49","-1.27","2.18"
"19.598","-11.31","-1.22","3.18"
"19.628","-10.86","-1.25","3.63"
"19.656","-10.57","-1.57","3.69"
"19.686","-10.42","-2.08","3.57"
"19.715","-10.41","-2.50","3.73"
"19.744","-10.72","-2.55","3.90"
"19.773","-10.83","-2.21","3.85"
"19.803","-10.40","-1.76","3.85"
"19.831","-9.45","-1.50","3.63"
"19.86","-8.51","-1.49","3.04"
"19.888","-8.33","-1.64","2.64"
"19.916","-8.89","-1.64","2.64"
"19.944","-9.62","-1.38","2.76"
"19.973","-10.28","-1.00","2.60"
"20.001","-10.65","-0.60","1.86"
"20.031","-10.29","-0.71","1.23"
"20.061","-9.96","-1.43","1.14"
"20.088","-10.53","-1.77","1.60"
"20.118","-10.89","-1.67","2.22"
"20.146","-11.10","-1.44","2.64"
"20.176","-11.14","-1.18","2.85"
"20.204","-10.90","-0.98","2.97"
"20.234","-10.53","-0.99","3.21"
"20.263","-10.15","-1.16","3.74"
"20.293","-9.81","-1.52","4.27"
"20.32","-9.50","-1.81","4.35"
"20.348","-9.31","-1.92","3.64"
"20.376","-8.92","-2.09","2.85"
"20.404","-9.09","-2.15","2.27"
"20.433","-9.42","-2.24","2.04"
"20.461","-9.58","-2.35","1.91"
"20.489","-9.79","-2.37","1.84"
"20.518","-10.23","-2.04","1.70"
"20.546","-10.74","-1.57","1.62"
"20.576","-11.38","-1.20","1.86"
"20.604","-12.09","-1.11","2.35"
"20.634","-12.09","-1.23","3.09"
"20.663","-11.29","-1.65","3.46"
"20.693","-10.43","-2.10","3.42"
"20.721","-10.05","-2.40","3.09"
"20.751","-10.29","-2.47","2.98"
"20.779","-10.90","-2.25","3.06"
"20.809","-10.85","-2.12","3.14"
"20.838","-10.16","-2.15","3.06"
"20.868","-9.14","-2.27","2.80"
"20.896","-8.23","-2.19","2.41"
"20.923","-8.02","-2.05","1.99"
"20.951","-9.15","-1.40","1.49"
"20.979","-10.00","-0.97","1.52"
"21.009","-10.24","-0.76","1.82"
"21.038","-10.36","-0.39","1.78"
"21.068","-10.17","-0.88","1.52"
"21.096","-10.52","-1.60","1.23"
"21.126","-11.08","-1.95","1.17"
"21.154","-11.27","-1.89","1.29"
"21.184","-11.23","-1.74","1.48"
"21.213","-11.07","-1.49","1.86"
"21.243","-10.21","-1.74","2.48"
"21.271","-10.00","-1.87","2.68"
"21.301","-10.17","-1.94","2.65"
"21.329","-9.97","-2.29","2.45"
"21.358","-9.44","-2.19","2.20"
"21.386","-8.70","-1.98","2.00"
"21.414","-8.27","-1.85","1.89"
"21.443","-8.50","-1.81","1.81"
"21.471","-9.00","-1.81","1.73"
"21.498","-9.42","-1.78","1.52"
"21.526","-9.85","-1.59","1.28"
"21.554","-10.19","-1.18","1.14"
"21.584","-10.47","-0.92","1.20"
"21.613","-10.80","-0.92","1.83"
"21.643","-11.27","-1.11","2.60"
"21.671","-11.55","-1.39","3.08"
"21.701","-11.41","-1.78","3.12"
"21.729","-10.99","-2.29","2.77"
"21.759","-10.76","-2.74","2.39"
"21.788","-10.78","-2.81","2.42"
"21.818","-10.82","-2.89","2.71"
"21.846","-10.72","-2.98","2.99"
"21.876","-10.22","-2.91","3.13"
"21.904","-9.44","-2.79","2.91"
"21.933","-8.68","-2.53","2.43"
"21.961","-8.37","-2.17","2.06"
"21.989","-8.89","-1.72","1.58"
"22.018","-9.73","-1.23","1.35"
"22.046","-10.08","-0.87","1.51"
"22.074","-10.01","-0.90","1.67"
"22.103","-10.03","-0.93","1.67"
"22.133","-10.39","-1.46","1.53"
"22.163","-11.14","-1.89","1.06"
"22.191","-11.52","-2.05","0.89"
"22.22","-11.45","-2.21","1.03"
"22.249","-11.29","-2.31","1.32"
"22.278","-10.84","-2.43","1.97"
"22.308","-10.32","-2.49","2.68"
"22.338","-10.16","-2.45","3.09"
"22.366","-10.00","-2.50","3.15"
"22.396","-9.68","-2.60","2.63"
"22.423","-9.20","-2.33","1.99"
"22.451","-8.48","-2.19","2.02"
"22.479","-8.34","-2.17","2.08"
"22.508","-8.76","-2.07","2.00"
"22.536","-9.15","-1.99","1.81"
"22.564","-9.50","-1.87","1.61"
"22.593","-9.90","-1.58","1.43"
"22.62","-10.27","-1.27","1.18"
"22.65","-10.77","-1.20","1.04"
"22.678","-11.18","-1.31","1.53"
"22.708","-11.38","-1.57","2.29"
"22.738","-11.52","-1.81","2.64"
"22.766","-11.20","-2.04","2.66"
"22.795","-10.64","-2.30","2.50"
"22.824","-10.41","-2.52","2.24"
"22.853","-10.57","-2.64","2.25"
"22.883","-10.91","-2.66","2.33"
"22.913","-10.72","-2.65","2.55"
"22.941","-10.06","-2.42","2.66"
"22.97","-9.21","-2.19","2.61"
"22.998","-8.47","-1.86","2.43"
"23.026","-8.37","-1.42","2.17"
"23.054","-9.25","-0.90","1.72"
"23.083","-9.99","-0.57","1.60"
"23.111","-10.04","-0.47","1.88"
"23.14","-9.62","-0.54","1.95"
"23.168","-9.11","-0.77","1.77"
"23.196","-9.49","-1.29","1.40"
"23.224","-10.67","-1.55","1.05"
"23.253","-11.43","-1.55","1.11"
"23.283","-11.49","-1.57","1.31"
"23.313","-11.07","-1.71","1.59"
"23.341","-10.41","-1.95","2.20"
"23.37","-10.14","-1.95","2.71"
"23.399","-10.22","-1.85","3.07"
"23.428","-10.39","-1.84","3.20"
"23.458","-10.25","-2.08","3.23"
"23.488","-9.96","-1.83","2.65"
"23.515","-9.11","-1.86","2.42"
"23.543","-8.64","-1.94","2.30"
"23.571","-8.96","-1.91","2.26"
"23.599","-9.43","-1.86","2.22"
"23.628","-9.62","-1.86","2.06"
"23.655","-9.78","-1.91","1.73"
"23.684","-10.18","-1.86","1.21"
"23.713","-10.52","-1.82","0.86"
"23.743","-11.01","-1.80","1.00"
"23.771","-11.24","-1.96","2.02"
"23.8","-11.42","-1.92","2.80"
"23.829","-11.20","-1.90","2.96"
"23.859","-10.61","-2.00","2.82"
"23.888","-10.03","-2.19","2.77"
"23.918","-10.07","-2.30","2.82"
"23.946","-10.66","-2.13","3.04"
"23.975","-10.96","-1.89","3.05"
"24.004","-10.48","-1.80","3.18"
"24.034","-9.59","-1.75","3.13"
"24.063","-8.96","-1.65","2.82"
"24.09","-8.88","-1.41","2.42"
"24.118","-9.52","-1.15","2.27"
"24.146","-10.16","-1.06","2.29"
"24.175","-10.56","-1.02","2.17"
"24.204","-10.44","-1.09","1.98"
"24.234","-9.82","-1.38","1.59"
"24.263","-9.39","-1.90","1.56"
"24.29","-9.83","-2.15","1.64"
"24.318","-10.67","-1.93","1.88"
"24.348","-11.00","-1.62","2.40"
"24.376","-10.58","-1.72","2.72"
"24.405","-10.10","-1.97","2.82"
"24.435","-9.85","-2.04","2.95"
"24.463","-9.84","-2.07","3.19"
"24.491","-9.97","-2.09","3.31"
"24.519","-9.97","-2.08","3.52"
"24.548","-9.76","-1.82","3.63"
"24.575","-9.36","-1.62","3.40"
"24.603","-8.87","-1.75","2.99"
"24.631","-8.71","-2.00","2.49"
"24.66","-9.04","-1.99","2.36"
"24.688","-9.29","-1.98","2.36"
"24.716","-9.56","-1.93","2.25"
"24.744","-9.85","-1.78","2.11"
"24.773","-10.21","-1.58","2.05"
"24.801","-10.71","-1.47","2.02"
"24.83","-11.34","-1.53","2.28"
"24.86","-11.84","-1.67","2.80"
"24.889","-11.97","-1.82","3.23"
"24.918","-11.58","-2.08","3.44"
"24.947","-11.01","-2.48","3.35"
"24.976","-10.53","-2.92","3.06"
"25.005","-10.38","-3.38","2.92"
"25.035","-10.59","-3.29","3.02"
"25.064","-10.79","-2.74","3.09"
"25.093","-10.23","-2.36","3.13"
"25.123","-9.31","-2.18","2.91"
"25.15","-8.44","-2.09","2.53"
"25.178","-8.06","-2.00","2.16"
"25.206","-8.43","-1.72","1.92"
"25.235","-9.34","-1.14","1.64"
"25.263","-10.07","-0.73","1.66"
"25.293","-10.21","-0.40","1.65"
"25.321","-10.01","-0.55","1.39"
"25.35","-9.89","-1.45","1.29"
"25.379","-10.74","-1.95","1.05"
"25.408","-11.34","-2.14","1.23"
"25.438","-11.49","-2.18","1.52"
"25.466","-11.46","-2.11","1.80"
"25.495","-11.28","-2.09","2.05"
"25.524","-10.67","-2.20","2.55"
"25.553","-10.19","-2.05","3.09"
"25.583","-10.00","-1.93","3.56"
"25.613","-9.87","-2.03","3.59"
"25.64","-9.46","-1.99","3.24"
"25.668","-8.95","-2.07","2.68"
"25.696","-8.64","-2.05","2.35"
"25.724","-8.83","-1.83","2.22"
"25.753","-9.10","-1.71","2.13"
"25.78","-9.30","-1.76","2.04"
"25.809","-9.69","-2.00","1.86"
"25.838","-10.44","-2.08","1.38"
"25.866","-11.30","-2.07","1.14"
"25.895","-11.76","-2.04","1.57"
"25.924","-11.73","-1.85","2.31"
"25.953","-11.07","-1.78","3.26"
"25.983","-10.52","-1.98","3.42"
"26.013","-10.12","-2.43","3.24"
"26.041","-10.01","-2.88","3.15"
"26.07","-10.34","-2.83","3.27"
"26.099","-10.60","-2.35","3.31"
"26.128","-10.10","-2.10","3.39"
"26.158","-9.03","-2.10","3.22"
"26.186","-8.08","-2.10","2.83"
"26.214","-7.70","-2.13","2.44"
"26.243","-8.04","-2.00","2.18"
"26.27","-8.99","-1.61","2.09"
"26.298","-9.73","-1.34","2.08"
"26.326","-9.91","-1.19","1.99"
"26.354","-9.60","-1.29","1.49"
"26.383","-9.41","-1.91","1.23"
"26.411","-10.30","-2.44","1.26"
"26.44","-11.46","-2.28","1.45"
"26.469","-11.58","-2.17","1.77"
"26.498","-11.45","-2.13","1.94"
"26.528","-11.20","-2.17","2.13"
"26.556","-10.65","-2.30","2.46"
"26.586","-10.31","-2.20","2.99"
"26.615","-10.32","-2.08","3.51"
"26.644","-10.36","-2.16","4.10"
"26.673","-10.07","-2.19","4.10"
"26.703","-9.28","-2.27","3.09"
"26.73","-8.54","-2.62","2.31"
"26.759","-8.67","-2.63","1.99"
"26.788","-8.99","-2.52","2.00"
"26.815","-9.16","-2.46","1.97"
"26.843","-9.33","-2.40","1.89"
"26.871","-9.56","-2.27","1.66"
"26.899","-9.90","-2.00","1.27"
"26.928","-10.53","-1.89","0.86"
"26.956","-11.20","-1.74","1.15"
"26.986","-11.48","-1.72","2.44"
"27.015","-11.57","-1.86","3.29"
"27.044","-11.31","-2.10","3.41"
"27.073","-10.83","-2.44","3.20"
"27.103","-10.40","-2.91","2.85"
"27.131","-10.46","-3.29","2.64"
"27.161","-10.83","-3.31","2.67"
"27.19","-11.02","-3.02","2.69"
"27.219","-10.29","-2.65","2.95"
"27.248","-9.23","-2.43","2.86"
"27.276","-8.39","-2.15","2.51"
"27.304","-7.96","-1.84","2.15"
"27.333","-8.53","-1.41","1.90"
"27.361","-9.56","-0.95","1.71"
"27.389","-10.23","-0.56","1.86"
"27.418","-10.21","-0.28","1.94"
"27.448","-9.89","-0.33","1.65"
"27.475","-9.69","-0.95","1.54"
"27.503","-10.43","-1.57","1.18"
"27.533","-11.14","-1.79","1.06"
"27.563","-11.34","-1.88","1.24"
"27.591","-11.20","-2.00","1.48"
"27.62","-10.81","-2.20","1.83"
"27.65","-10.27","-2.34","2.31"
"27.678","-10.19","-2.26","2.60"
"27.708","-10.24","-2.31","2.76"
"27.738","-10.25","-2.44","2.39"
"27.766","-10.09","-2.32","1.86"
"27.795","-9.28","-2.11","1.84"
"27.823","-8.75","-1.98","1.95"
"27.851","-8.77","-1.87","1.93"
"27.879","-9.16","-1.79","1.83"
"27.908","-9.50","-1.78","1.54"
"27.936","-9.81","-1.76","1.18"
"27.964","-10.08","-1.58","0.87"
"27.993","-10.30","-1.32","0.64"
"28.023","-10.43","-1.19","1.15"
"28.051","-10.61","-1.06","2.07"
"28.08","-11.09","-1.09","2.78"
"28.11","-11.45","-1.38","3.00"
"28.139","-11.38","-1.78","2.93"
"28.168","-10.95","-2.18","2.72"
"28.198","-10.61","-2.66","2.38"
"28.226","-10.58","-3.00","2.16"
"28.255","-10.63","-3.26","2.30"
"28.285","-10.66","-3.31","2.57"
"28.314","-10.32","-3.16","2.74"
"28.343","-9.65","-3.03","2.57"
"28.371","-8.91","-2.78","2.22"
"28.399","-8.52","-2.36","2.06"
"28.428","-8.65","-1.90","1.87"
"28.455","-9.49","-1.38","1.57"
"28.484","-10.13","-0.90","1.60"
"28.513","-10.13","-0.74","1.87"
"28.543","-9.76","-0.85","1.90"
"28.57","-9.48","-1.02","1.58"
"28.598","-9.86","-1.51","1.11"
"28.626","-10.94","-1.73","0.63"
"28.655","-11.79","-1.81","0.64"
"28.686","-11.94","-1.97","0.93"
"28.714","-11.72","-2.07","1.33"
"28.743","-11.14","-2.04","1.96"
"28.773","-10.60","-1.86","2.60"
"28.801","-10.23","-1.69","3.08"
"28.831","-10.09","-1.72","3.38"
"28.86","-10.14","-2.00","3.33"
"28.889","-9.94","-1.89","2.99"
"28.917","-9.60","-1.75","2.56"
"28.945","-9.14","-1.80","2.24"
"28.973","-9.10","-1.71","1.99"
"29.001","-9.31","-1.68","1.93"
"29.029","-9.45","-1.82","1.96"
"29.058","-9.63","-2.05","1.90"
"29.086","-10.14","-2.09","1.59"
"29.115","-10.78","-1.75","1.12"
"29.144","-11.21","-1.32","1.15"
"29.173","-11.31","-1.08","1.87"
"29.203","-10.91","-1.20","2.89"
"29.231","-10.66","-1.34","3.30"
"29.261","-10.32","-1.60","3.25"
"29.29","-9.95","-1.93","3.24"
"29.318","-9.69","-2.17","3.33"
"29.346","-10.28","-2.03","3.19"
"29.375","-10.92","-1.47","3.06"
"29.404","-10.56","-1.45","3.18"
"29.434","-9.62","-1.67","3.35"
"29.463","-8.92","-2.02","3.22"
"29.49","-8.67","-2.25","2.90"
"29.518","-9.14","-2.03","2.58"
"29.546","-10.13","-1.53","2.29"
"29.575","-10.74","-1.13","1.97"
"29.604","-10.87","-0.79","1.71"
"29.634","-10.04","-0.79","1.72"
"29.663","-9.07","-1.28","1.79"
"29.691","-9.23","-1.67","1.67"
"29.719","-10.33","-1.89","1.22"
"29.748","-11.44","-1.82","1.06"
"29.778","-11.74","-1.57","1.36"
"29.806","-11.07","-1.65","1.74"
"29.836","-10.27","-1.98","2.17"
"29.865","-10.01","-2.16","2.50"
"29.894","-10.17","-2.34","2.63"
"29.923","-10.52","-2.55","2.69"
"29.953","-10.92","-2.51","2.22"
"29.981","-10.58","-2.24","2.04"
"30.011","-9.60","-1.88","2.34"
"30.039","-8.66","-1.71","2.48"
"30.068","-8.41","-1.79","2.24"
"30.095","-8.78","-1.96","2.02"
"30.123","-9.10","-2.13","1.73"
"30.151","-9.54","-2.03","1.43"
"30.179","-10.02","-1.64","1.23"
"30.209","-10.41","-1.17","1.07"
"30.238","-10.45","-1.29","1.64"
"30.268","-10.86","-1.45","2.29"
"30.296","-11.34","-1.66","2.77"
"30.325","-11.40","-1.80","2.94"
"30.354","-11.01","-1.97","2.91"
"30.384","-10.58","-2.15","2.77"
"30.413","-10.50","-2.27","2.76"
"30.443","-10.82","-2.17","3.02"
"30.471","-11.07","-1.85","3.18"
"30.5","-10.58","-1.79","3.36"
"30.529","-9.87","-1.62","3.32"
"30.558","-9.01","-1.61","2.99"
"30.586","-8.47","-1.62","2.54"
"30.614","-8.62","-1.49","2.33"
"30.642","-9.44","-1.06","2.23"
"30.67","-10.44","-0.45","2.08"
"30.699","-10.74","-0.16","1.97"
"30.728","-10.11","-0.46","1.73"
"30.758","-9.42","-1.21","1.49"
"30.786","-9.71","-1.77","1.29"
"30.814","-10.68","-1.61","1.17"
"30.843","-11.27","-1.38","1.51"
"30.873","-11.33","-1.24","1.73"
"30.901","-11.21","-1.18","1.91"
"30.93","-10.80","-1.33","2.22"
"30.96","-10.10","-1.52","2.81"
"30.989","-9.74","-1.57","3.27"
"31.018","-9.83","-1.62","3.35"
"31.045","-9.88","-1.59","3.20"
"31.073","-9.79","-1.33","2.70"
"31.101","-9.10","-1.60","2.59"
"31.129","-8.91","-1.64","2.29"
"31.158","-9.17","-1.58","2.28"
"31.186","-9.35","-1.63","2.27"
"31.214","-9.48","-1.80","2.14"
"31.243","-9.89","-1.93","1.75"
"31.27","-10.48","-1.69","1.40"
"31.299","-11.09","-1.30","1.27"
"31.328","-11.57","-1.18","1.73"
"31.358","-11.61","-1.30","2.71"
"31.387","-11.48","-1.45","3.20"
"31.416","-11.05","-1.73","3.23"
"31.445","-10.56","-2.15","3.05"
"31.474","-10.27","-2.60","2.91"
"31.503","-10.50","-2.69","2.98"
"31.533","-10.85","-2.19","3.10"
"31.563","-10.70","-1.78","2.97"
"31.591","-9.92","-1.75","2.93"
"31.619","-8.98","-1.85","2.66"
"31.648","-8.43","-1.89","2.26"
"31.675","-8.59","-1.81","1.94"
"31.703","-9.39","-1.35","1.87"
"31.731","-10.19","-0.77","1.82"
"31.761","-10.57","-0.40","1.57"
"31.79","-10.47","-0.31","1.15"
"31.819","-10.24","-1.11","0.98"
"31.848","-10.56","-1.84","1.25"
"31.878","-11.02","-1.98","1.71"
"31.906","-11.24","-1.85","2.00"
"31.936","-11.09","-1.73","2.03"
"31.965","-10.83","-1.71","2.13"
"31.994","-10.34","-1.98","2.37"
"32.024","-10.04","-2.29","2.64"
"32.053","-10.06","-2.36","2.86"
"32.081","-10.17","-2.26","2.59"
"32.111","-9.98","-1.87","2.20"
"32.139","-9.09","-1.62","2.02"
"32.168","-8.53","-1.57","1.85"
"32.195","-8.67","-1.57","1.78"
"32.223","-9.15","-1.62","1.88"
"32.251","-9.56","-1.75","1.82"
"32.279","-10.07","-1.71","1.40"
"32.309","-10.48","-1.42","0.83"
"32.338","-10.87","-1.24","0.85"
"32.368","-11.14","-1.34","1.73"
"32.396","-11.31","-1.57","2.59"
"32.425","-11.33","-1.85","2.93"
"32.454","-10.93","-2.19","2.82"
"32.484","-10.47","-2.58","2.52"
"32.513","-10.07","-2.90","2.33"
"32.543","-10.24","-2.89","2.28"
"32.571","-10.69","-2.55","2.54"
"32.6","-10.62","-2.31","2.99"
"32.629","-9.88","-2.15","3.04"
"32.658","-8.88","-2.04","2.66"
"32.686","-8.10","-1.93","2.22"
"32.714","-8.12","-1.83","1.95"
"32.743","-8.83","-1.60","1.84"
"32.77","-10.07","-1.04","1.57"
"32.799","-10.83","-0.70","1.41"
"32.828","-10.59","-0.67","1.40"
"32.858","-9.96","-1.23","1.43"
"32.886","-10.19","-1.81","1.43"
"32.915","-10.87","-1.95","1.38"
"32.944","-11.15","-1.97","1.51"
"32.973","-11.12","-1.98","1.66"
"33.003","-10.95","-1.96","1.82"
"33.031","-10.60","-1.97","2.08"
"33.061","-9.87","-2.17","2.72"
"33.089","-9.54","-2.19","3.14"
"33.118","-9.66","-2.09","2.82"
"33.145","-9.62","-1.93","2.26"
"33.173","-8.90","-1.84","1.87"
"33.201","-8.25","-1.93","1.79"
"33.229","-8.34","-1.95","1.73"
"33.257","-8.85","-1.91","1.69"
"33.286","-9.38","-1.89","1.55"
"33.314","-9.89","-1.78","1.40"
"33.343","-10.32","-1.44","1.18"
"33.371","-10.67","-1.21","0.81"
"33.4","-10.93","-1.35","1.15"
"33.429","-11.16","-1.55","1.84"
"33.459","-11.43","-1.70","2.40"
"33.488","-11.30","-1.80","2.62"
"33.518","-10.78","-1.95","2.55"
"33.546","-10.24","-2.23","2.35"
"33.575","-10.22","-2.44","2.33"
"33.604","-10.43","-2.45","2.50"
"33.634","-10.81","-2.37","2.56"
"33.663","-10.47","-2.20","2.81"
"33.693","-9.64","-1.95","2.83"
"33.72","-8.86","-1.70","2.63"
"33.748","-8.43","-1.47","2.42"
"33.776","-8.87","-1.22","2.26"
"33.804","-10.03","-0.86","2.04"
"33.834","-11.14","-0.58","1.77"
"33.863","-11.06","-0.48","1.70"
"33.893","-10.37","-0.58","1.55"
"33.921","-9.76","-1.18","1.51"
"33.949","-10.45","-1.62","1.27"
"33.978","-11.29","-1.69","1.31"
"34.008","-11.56","-1.62","1.54"
"34.037","-11.44","-1.49","1.63"
"34.066","-11.12","-1.48","1.85"
"34.095","-10.40","-1.55","2.38"
"34.124","-9.63","-1.53","3.13"
"34.153","-9.50","-1.51","3.54"
"34.18","-9.69","-1.67","3.57"
"34.209","-9.53","-1.59","3.18"
"34.237","-9.23","-1.32","2.58"
"34.265","-8.92","-1.35","2.12"
"34.293","-9.07","-1.40","1.91"
"34.321","-9.44","-1.51","1.95"
"34.349","-9.69","-1.63","1.97"
"34.378","-10.10","-1.71","1.83"
"34.406","-10.76","-1.54","1.37"
"34.436","-11.45","-1.29","1.13"
"34.465","-12.00","-0.98","1.38"
"34.494","-12.08","-0.88","2.15"
"34.524","-11.23","-1.13","3.05"
"34.553","-10.54","-1.42","3.43"
"34.581","-10.16","-1.93","3.43"
"34.611","-10.19","-2.38","3.33"
"34.64","-10.69","-2.24","3.30"
"34.669","-11.06","-1.53","3.38"
"34.698","-10.76","-1.22","3.45"
"34.728","-9.87","-1.40","3.27"
"34.755","-9.00","-1.73","2.89"
"34.784","-8.72","-1.90","2.49"
"34.813","-9.15","-1.79","2.44"
"34.84","-9.95","-1.29","2.50"
"34.868","-10.61","-0.65","2.22"
"34.898","-10.52","-0.24","1.92"
"34.926","-9.86","-0.33","1.62"
"34.954","-9.37","-1.14","1.49"
"34.983","-9.84","-1.64","1.89"
"35.011","-10.58","-1.44","2.42"
"35.041","-10.71","-1.13","2.69"
"35.069","-10.46","-0.94","2.77"
"35.098","-10.09","-0.95","2.79"
"35.128","-9.69","-1.20","2.95"
"35.156","-9.45","-1.45","3.43"
"35.184","-9.67","-1.52","3.81"
"35.213","-9.84","-1.59","3.91"
"35.24","-9.76","-1.55","3.55"
"35.268","-9.22","-1.51","2.95"
"35.296","-8.87","-1.55","2.45"
"35.324","-9.14","-1.50","2.41"
"35.352","-9.56","-1.44","2.52"
"35.38","-9.85","-1.43","2.58"
"35.409","-10.10","-1.48","2.49"
"35.438","-10.50","-1.44","2.20"
"35.468","-10.95","-1.32","1.90"
"35.496","-11.58","-1.15","1.89"
"35.525","-11.80","-1.08","2.36"
"35.554","-11.61","-1.14","2.95"
"35.584","-11.14","-1.43","3.27"
"35.613","-10.67","-1.96","3.26"
"35.643","-10.39","-2.51","3.15"
"35.671","-10.49","-2.80","3.17"
"35.7","-10.80","-2.39","3.26"
"35.729","-10.96","-1.55","3.06"
"35.759","-10.26","-1.49","2.92"
"35.788","-9.18","-1.81","2.79"
"35.816","-8.53","-2.06","2.52"
"35.844","-8.54","-2.05","2.19"
"35.873","-9.33","-1.58","1.95"
"35.9","-10.04","-1.05","1.73"
"35.929","-10.27","-0.65","1.58"
"35.959","-10.15","-0.37","1.31"
"35.988","-9.92","-0.79","1.08"
"36.016","-10.04","-1.90","1.24"
"36.045","-10.66","-2.11","1.39"
"36.074","-11.03","-1.98","1.75"
"36.103","-11.05","-1.79","2.01"
"36.133","-10.88","-1.71","2.20"
"36.163","-10.36","-1.88","2.51"
"36.191","-9.98","-1.93","2.96"
"36.219","-10.08","-1.95","3.34"
"36.248","-10.18","-2.11","3.25"
"36.278","-10.16","-2.13","2.57"
"36.306","-9.50","-1.92","2.19"
"36.335","-8.76","-1.76","2.22"
"36.363","-8.59","-1.63","2.15"
"36.391","-8.90","-1.55","2.17"
"36.419","-9.19","-1.64","2.11"
"36.448","-9.41","-1.84","1.91"
"36.475","-9.87","-1.84","1.44"
"36.503","-10.50","-1.50","0.86"
"36.533","-10.95","-1.34","1.06"
"36.563","-11.16","-1.36","2.13"
"36.591","-11.39","-1.45","3.10"
"36.62","-11.45","-1.74","3.46"
"36.649","-11.18","-2.18","3.25"
"36.678","-10.77","-2.60","2.83"
"36.708","-10.38","-2.99","2.67"
"36.738","-10.56","-2.80","2.66"
"36.766","-10.66","-2.56","2.87"
"36.795","-10.12","-2.53","3.22"
"36.824","-9.37","-2.43","3.28"
"36.852","-8.60","-2.40","2.97"
"36.88","-8.06","-2.37","2.44"
"36.909","-8.16","-2.17","2.16"
"36.938","-8.84","-1.69","2.13"
"36.965","-9.69","-1.23","2.02"
"36.993","-10.04","-0.91","1.81"
"37.023","-9.57","-1.15","1.75"
"37.05","-9.05","-1.44","1.60"
"37.078","-9.13","-1.80","1.52"
"37.106","-10.15","-2.22","1.37"
"37.136","-11.25","-2.20","1.37"
"37.165","-11.36","-2.07","1.71"
"37.194","-11.08","-2.08","1.94"
"37.223","-10.69","-2.22","2.22"
"37.253","-10.18","-2.27","2.75"
"37.281","-10.08","-2.14","3.32"
"37.311","-10.28","-2.13","3.55"
"37.34","-10.33","-2.46","3.51"
"37.369","-10.17","-2.68","3.11"
"37.398","-9.59","-2.52","2.55"
"37.426","-8.84","-2.49","2.32"
"37.454","-8.85","-2.46","2.08"
"37.483","-9.10","-2.38","1.90"
"37.511","-9.19","-2.38","1.73"
"37.539","-9.25","-2.41","1.53"
"37.568","-9.38","-2.32","1.20"
"37.595","-9.63","-1.95","1.00"
"37.623","-10.11","-1.58","1.10"
"37.653","-10.75","-1.39","1.75"
"37.681","-11.11","-1.42","2.71"
"37.711","-11.34","-1.62","3.11"
"37.74","-11.29","-1.95","3.21"
"37.769","-10.87","-2.27","3.11"
"37.798","-10.44","-2.59","2.95"
"37.828","-10.27","-2.89","2.85"
"37.856","-10.53","-3.04","2.94"
"37.886","-10.78","-3.03","3.15"
"37.915","-10.55","-2.76","3.35"
"37.944","-9.69","-2.46","3.24"
"37.973","-8.76","-2.21","2.83"
"38.0","-8.20","-1.97","2.46"
"38.028","-8.23","-1.74","2.17"
"38.056","-9.12","-1.32","1.88"
"38.085","-9.94","-0.96","1.75"
"38.113","-10.16","-0.76","1.76"
"38.143","-9.95","-0.74","1.67"
"38.17","-9.70","-0.98","1.50"
"38.198","-9.90","-1.57","1.21"
"38.226","-10.58","-1.89","0.97"
"38.255","-11.12","-1.93","1.15"
"38.285","-11.21","-1.89","1.51"
"38.314","-11.00","-1.85","1.78"
"38.343","-10.48","-1.96","2.26"
"38.373","-10.09","-1.97","2.76"
"38.401","-10.05","-1.90","3.12"
"38.43","-10.07","-2.04","3.17"
"38.46","-10.11","-2.05","2.62"
"38.489","-9.75","-1.75","2.35"
"38.517","-9.01","-1.54","2.42"
"38.545","-8.59","-1.44","2.39"
"38.573","-8.74","-1.42","2.27"
"38.601","-9.07","-1.44","2.26"
"38.629","-9.34","-1.61","2.19"
"38.658","-9.78","-1.68","1.87"
"38.686","-10.36","-1.41","1.41"
"38.715","-10.80","-1.15","1.37"
"38.744","-10.89","-1.18","2.13"
"38.773","-11.10","-1.44","2.91"
"38.802","-11.21","-1.73","3.26"
"38.831","-11.04","-2.07","3.29"
"38.861","-10.64","-2.46","3.06"
"38.89","-10.30","-2.88","2.67"
"38.919","-10.32","-2.97","2.62"
"38.948","-10.62","-2.69","2.87"
"38.978","-10.57","-2.51","3.11"
"39.006","-9.87","-2.36","3.18"
"39.035","-9.01","-2.25","2.92"
"39.063","-8.24","-2.10","2.51"
"39.091","-8.06","-1.96","2.20"
"39.119","-8.59","-1.64","2.00"
"39.148","-9.71","-1.13","1.72"
"39.175","-10.42","-0.78","1.69"
"39.204","-10.40","-0.69","1.58"
"39.234","-9.88","-1.01","1.42"
"39.263","-9.71","-1.62","1.39"
"39.29","-10.48","-1.70","1.31"
"39.319","-11.18","-1.60","1.44"
"39.348","-11.30","-1.64","1.55"
"39.378","-11.18","-1.67","1.62"
"39.406","-10.82","-1.73","1.83"
"39.436","-10.08","-1.80","2.42"
"39.465","-9.84","-1.75","2.88"
"39.493","-10.00","-1.72","2.74"
"39.522","-10.41","-1.57","2.18"
"39.551","-10.14","-1.42","1.91"
"39.58","-9.30","-1.52","1.84"
"39.609","-8.82","-1.61","1.75"
"39.638","-8.98","-1.54","1.75"
"39.665","-9.29","-1.66","1.71"
"39.693","-9.58","-1.94","1.46"
"39.721","-10.14","-2.03","1.06"
"39.75","-10.69","-1.73","0.70"
"39.779","-10.90","-1.67","0.90"
"39.809","-10.74","-1.89","1.70"
"39.838","-10.80","-1.94","2.32"
"39.867","-10.70","-2.03","2.58"
"39.896","-10.36","-2.23","2.59"
"39.925","-10.05","-2.51","2.66"
"39.954","-10.43","-2.55","2.55"
"39.984","-10.97","-2.35","2.74"
"40.013","-11.46","-1.75","2.71"
"40.043","-10.90","-1.84","2.72"
"40.071","-10.03","-1.83","2.70"
"40.1","-9.27","-1.76","2.49"
"40.128","-9.01","-1.67","2.20"
"40.156","-9.66","-1.31","2.08"
"40.185","-10.66","-0.96","1.84"
"40.214","-11.32","-0.71","1.42"
"40.243","-10.90","-0.64","1.32"
"40.273","-10.30","-0.60","1.09"
"40.301","-9.69","-1.31","1.21"
"40.329","-10.22","-1.39","1.36"
"40.359","-11.00","-1.17","1.70"
"40.388","-11.20","-0.98","1.99"
"40.418","-11.00","-0.94","2.05"
"40.446","-10.52","-1.26","2.13"
"40.475","-9.96","-1.57","2.59"
"40.503","-9.69","-1.72","3.07"
"40.531","-9.92","-1.81","3.32"
"40.56","-10.00","-1.90","3.25"
"40.589","-9.84","-1.80","2.82"
"40.618","-9.13","-1.87","2.61"
"40.645","-8.70","-1.97","2.37"
"40.674","-8.90","-2.01","2.16"
"40.701","-9.24","-2.00","2.12"
"40.729","-9.36","-2.01","2.05"
"40.758","-9.71","-1.90","1.73"
"40.786","-10.35","-1.60","1.41"
"40.815","-11.00","-1.27","1.54"
"40.844","-11.52","-1.20","2.09"
"40.873","-11.60","-1.31","2.96"
"40.903","-11.34","-1.47","3.37"
"40.931","-10.84","-1.81","3.30"
"40.961","-10.38","-2.29","3.06"
"40.99","-10.32","-2.74","3.00"
"41.019","-10.83","-2.62","3.22"
"41.048","-11.36","-2.00","3.36"
"41.078","-10.92","-1.62","3.49"
"41.106","-9.87","-1.69","3.25"
"41.135","-8.89","-1.82","2.82"
"41.163","-8.37","-1.86","2.40"
"41.191","-8.65","-1.67","2.25"
"41.219","-9.47","-1.14","2.28"
"41.248","-10.37","-0.64","2.13"
"41.276","-10.71","-0.42","1.78"
"41.305","-10.36","-0.72","1.24"
"41.335","-9.72","-1.43","0.97"
"41.363","-10.04","-2.04","0.88"
"41.393","-10.90","-1.75","1.02"
"41.421","-11.20","-1.55","1.38"
"41.45","-11.16","-1.44","1.64"
"41.48","-11.04","-1.42","1.85"
"41.509","-10.67","-1.50","2.12"
"41.538","-10.24","-1.44","2.74"
"41.568","-10.06","-1.40","3.19"
"41.596","-9.92","-1.46","3.19"
"41.624","-9.94","-1.61","2.77"
"41.653","-9.50","-1.74","2.33"
"41.68","-8.90","-2.15","2.08"
"41.709","-9.07","-2.25","1.82"
"41.738","-9.43","-2.20","1.68"
"41.765","-9.58","-2.22","1.46"
"41.793","-9.81","-2.24","1.09"
"41.821","-10.17","-1.96","0.78"
"41.85","-10.59","-1.43","0.77"
"41.879","-11.10","-1.15","1.31"
"41.909","-11.31","-1.13","2.31"
"41.939","-11.25","-1.21","3.12"
"41.968","-10.91","-1.50","3.35"
"41.996","-10.47","-1.88","3.24"
"42.025","-10.04","-2.46","3.02"
"42.054","-10.32","-2.75","2.87"
"42.084","-10.80","-2.52","3.06"
"42.114","-10.83","-2.40","3.10"
"42.142","-10.18","-2.40","3.13"
"42.171","-9.27","-2.40","2.95"
"42.199","-8.59","-2.36","2.56"
"42.228","-8.50","-2.28","2.19"
"42.255","-8.98","-1.96","2.02"
"42.284","-9.98","-1.18","1.76"
"42.313","-10.60","-0.57","1.68"
"42.341","-10.23","-0.43","1.70"
"42.37","-9.61","-0.83","1.57"
"42.398","-9.62","-1.63","1.56"
"42.426","-10.75","-2.03","1.30"
"42.455","-11.65","-2.04","1.36"
"42.485","-11.71","-1.82","1.62"
"42.514","-11.44","-1.55","1.84"
"42.543","-11.15","-1.42","2.12"
"42.573","-10.39","-1.73","2.76"
"42.601","-10.07","-1.87","3.31"
"42.63","-10.21","-1.96","3.46"
"42.66","-10.17","-2.08","3.27"
"42.689","-9.93","-1.86","2.51"
"42.718","-9.02","-1.93","2.16"
"42.745","-8.44","-2.00","1.94"
"42.773","-8.73","-2.09","1.76"
"42.801","-9.12","-2.15","1.71"
"42.829","-9.36","-2.24","1.64"
"42.858","-9.78","-2.06","1.35"
"42.886","-10.34","-1.63","1.07"
"42.915","-10.92","-1.29","1.14"
"42.944","-11.44","-1.27","1.63"
"42.973","-11.51","-1.53","2.66"
"43.003","-11.18","-1.78","3.23"
"43.031","-10.77","-2.09","3.19"
"43.061","-10.32","-2.46","2.95"
"43.09","-10.39","-2.58","2.82"
"43.119","-10.81","-2.36","2.95"
"43.148","-10.92","-2.20","3.11"
"43.178","-10.51","-2.21","3.26"
"43.206","-9.61","-2.24","3.22"
"43.235","-8.76","-2.21","2.84"
"43.263","-8.27","-2.02","2.34"
"43.291","-8.63","-1.55","2.09"
"43.319","-9.54","-0.94","2.00"
"43.348","-10.28","-0.44","2.00"
"43.376","-10.29","-0.40","1.98"
"43.405","-10.06","-0.61","1.71"
"43.435","-10.28","-1.22","1.54"
"43.464","-10.96","-1.66","1.29"
"43.493","-11.41","-1.73","1.28"
"43.522","-11.32","-1.68","1.47"
"43.551","-11.07","-1.64","1.70"
"43.58","-10.74","-1.85","2.00"
"43.61","-10.22","-2.17","2.38"
"43.639","-10.14","-2.39","2.66"
"43.668","-10.23","-2.44","2.87"
"43.698","-10.23","-2.37","2.49"
"43.726","-9.66","-2.16","2.05"
"43.754","-8.65","-2.11","1.95"
"43.783","-8.26","-2.20","1.88"
"43.811","-8.61","-2.20","1.82"
"43.839","-9.01","-2.23","1.74"
"43.868","-9.31","-2.22","1.53"
"43.895","-9.83","-1.93","1.34"
"43.924","-10.27","-1.35","1.18"
"43.953","-10.67","-0.94","1.11"
"43.981","-10.84","-0.97","1.85"
"44.011","-11.07","-1.21","2.65"
"44.04","-11.27","-1.53","3.02"
"44.069","-11.16","-1.87","3.04"
"44.099","-10.89","-2.26","2.78"
"44.128","-10.70","-2.69","2.44"
"44.156","-10.84","-2.79","2.38"
"44.186","-10.85","-2.86","2.52"
"44.215","-10.54","-2.98","2.72"
"44.244","-9.89","-2.89","2.84"
"44.273","-9.14","-2.73","2.64"
"44.3","-8.57","-2.33","2.29"
"44.328","-8.45","-1.90","1.98"
"44.356","-9.03","-1.42","1.57"
"44.385","-9.69","-1.01","1.51"
"44.414","-10.12","-0.65","1.80"
"44.443","-10.10","-0.58","1.82"
"44.471","-10.11","-0.96","1.48"
"44.5","-10.52","-1.44","1.05"
"44.529","-11.12","-1.76","0.78"
"44.559","-11.40","-1.84","0.91"
"44.588","-11.30","-1.93","1.15"
"44.618","-11.29","-1.88","1.47"
"44.646","-11.00","-1.81","2.14"
"44.675","-10.70","-1.61","2.83"
"44.704","-10.68","-1.57","3.08"
"44.734","-10.55","-1.69","3.04"
"44.763","-10.17","-1.57","2.59"
"44.793","-9.30","-1.52","2.37"
"44.82","-8.55","-1.55","2.19"
"44.848","-8.41","-1.66","1.95"
"44.878","-8.87","-1.71","1.80"
"44.904","-9.21","-1.90","1.72"
"44.933","-9.59","-2.14","1.49"
"44.961","-10.10","-2.11","1.09"
"44.99","-10.48","-1.85","0.80"
"45.019","-10.99","-1.73","1.02"
"45.048","-11.34","-1.73","2.03"
"45.077","-11.45","-1.67","2.80"
"45.106","-11.19","-1.74","3.11"
"45.136","-10.84","-1.99","3.11"
"45.165","-10.47","-2.40","3.08"
"45.194","-10.63","-2.50","2.98"
"45.223","-10.93","-2.05","3.12"
"45.253","-10.90","-1.70","3.25"
"45.281","-10.25","-1.67","3.47"
"45.311","-9.32","-1.62","3.42"
"45.339","-8.54","-1.66","3.02"
"45.368","-8.43","-1.71","2.69"
"45.395","-9.07","-1.55","2.67"
"45.423","-9.94","-1.19","2.55"
"45.451","-10.47","-0.91","2.29"
"45.481","-10.19","-0.91","2.06"
"45.51","-9.57","-1.28","1.80"
"45.538","-9.43","-1.88","1.88"
"45.566","-10.19","-1.86","2.13"
"45.595","-10.78","-1.64","2.47"
"45.624","-10.87","-1.40","2.63"
"45.653","-10.65","-1.27","2.76"
"45.683","-10.27","-1.39","2.94"
"45.713","-9.87","-1.66","3.30"
"45.741","-9.83","-1.68","3.62"
"45.769","-9.92","-1.54","4.02"
"45.796","-9.98","-1.43","4.10"
"45.824","-9.69","-1.37","3.65"
"45.853","-9.12","-1.59","3.10"
"45.88","-8.90","-1.75","2.69"
"45.909","-9.14","-1.84","2.70"
"45.938","-9.44","-1.96","2.71"
"45.965","-9.72","-2.08","2.54"
"45.993","-10.12","-2.04","2.24"
"46.023","-10.47","-1.83","2.04"
"46.051","-10.88","-1.76","1.85"
"46.08","-11.27","-1.80","2.12"
"46.11","-11.40","-1.82","2.76"
"46.139","-11.14","-1.89","3.16"
"46.168","-10.67","-2.13","3.26"
"46.198","-10.28","-2.48","3.19"
"46.226","-10.20","-2.75","3.13"
"46.255","-10.55","-2.55","3.27"
"46.285","-10.81","-1.86","3.43"
"46.314","-10.50","-1.64","3.37"
"46.343","-9.67","-1.78","3.23"
"46.371","-8.81","-2.06","2.86"
"46.399","-8.38","-2.20","2.47"
"46.428","-8.59","-2.10","2.27"
"46.456","-9.35","-1.62","2.05"
"46.484","-10.01","-1.29","1.77"
"46.513","-10.16","-1.23","1.58"
"46.543","-9.79","-1.55","1.27"
"46.57","-9.50","-2.29","0.92"
"46.598","-10.00","-2.65","0.85"
"46.628","-10.82","-2.48","1.04"
"46.656","-11.17","-2.30","1.45"
"46.686","-11.07","-2.17","1.63"
"46.715","-10.81","-2.15","1.71"
"46.744","-10.29","-2.43","2.08"
"46.773","-9.87","-2.50","2.64"
"46.801","-9.86","-2.39","3.04"
"46.829","-10.06","-2.41","3.16"
"46.859","-10.17","-2.28","2.84"
"46.888","-9.64","-2.26","2.70"
"46.916","-8.94","-2.38","2.61"
"46.944","-8.83","-2.37","2.37"
"46.973","-9.14","-2.39","2.29"
"47.0","-9.34","-2.48","2.21"
"47.028","-9.41","-2.52","1.93"
"47.056","-9.61","-2.35","1.49"
"47.085","-9.82","-1.97","1.15"
"47.113","-9.87","-1.51","1.08"
"47.141","-9.95","-1.47","1.72"
"47.169","-10.23","-1.41","2.36"
"47.198","-10.65","-1.47","2.69"
"47.228","-10.74","-1.72","2.75"
"47.256","-10.50","-2.03","2.67"
"47.286","-10.25","-2.41","2.55"
"47.315","-10.43","-2.78","2.52"
"47.344","-10.72","-3.13","2.68"
"47.373","-10.90","-3.37","2.86"
"47.403","-10.91","-3.35","2.97"
"47.431","-10.36","-3.26","3.01"
"47.461","-9.66","-3.24","2.98"
"47.489","-9.23","-3.20","2.87"
"47.518","-9.31","-2.97","2.83"
"47.545","-9.71","-2.70","2.90"
"47.573","-10.11","-2.42","2.91"
"47.603","-10.15","-2.14","2.66"
"47.631","-9.83","-2.00","2.44"
"47.661","-9.46","-2.05","2.42"
"47.689","-9.34","-2.29","2.54"
"47.716","-9.55","-2.49","2.56"
"47.744","-9.89","-2.56","2.38"
"47.773","-10.05","-2.53","2.16"
"47.801","-9.94","-2.53","1.92"
"47.829","-9.85","-2.54","1.70"
"47.858","-9.87","-2.50","1.70"
"47.886","-9.90","-2.39","2.04"
"47.914","-10.01","-2.28","2.24"
"47.943","-10.07","-2.14","2.18"
"47.973","-9.95","-2.01","1.99"
"48.0","-9.86","-1.90","1.87"
"48.028","-9.85","-1.79","1.85"
"48.056","-9.94","-1.71","1.88"
"48.085","-10.05","-1.66","1.93"
"48.114","-10.10","-1.58","2.01"
"48.143","-10.08","-1.47","2.03"
"48.173","-10.05","-1.42","1.97"
"48.201","-10.05","-1.41","1.91"
"48.23","-10.07","-1.42","1.84"
"48.26","-10.10","-1.41","1.82"
"48.289","-10.09","-1.41","1.77"
"48.318","-10.07","-1.43","1.70"
"48.348","-10.09","-1.44","1.67"
"48.376","-10.15","-1.39","1.69"
"48.405","-10.20","-1.32","1.72"
"48.435","-10.21","-1.27","1.76"
"48.464","-10.16","-1.27","1.76"
"48.493","-10.10","-1.33","1.73"
"48.523","-10.09","-1.39","1.69"
"48.551","-10.14","-1.42","1.65"
"48.58","-10.21","-1.41","1.63"
"48.61","-10.24","-1.38","1.62"
"48.639","-10.20","-1.37","1.64"
"48.668","-10.15","-1.38","1.68"
"48.698","-10.13","-1.37","1.71"
"48.726","-10.16","-1.34","1.70"
"48.755","-10.20","-1.28","1.69"
"48.785","-10.25","-1.21","1.68"
"48.814","-10.25","-1.17","1.71"
"48.843","-10.21","-1.17","1.72"
"48.873","-10.16","-1.21","1.74"
"48.901","-10.12","-1.24","1.75"
"48.93","-10.14","-1.26","1.75"
"48.96","-10.18","-1.25","1.72"
"48.989","-10.20","-1.27","1.71"
"49.018","-10.19","-1.31","1.71"
"49.047","-10.17","-1.35","1.75"
"49.076","-10.14","-1.38","1.79"
"49.105","-10.12","-1.40","1.81"
"49.135","-10.12","-1.39","1.83"
"49.164","-10.12","-1.38","1.83"
"49.193","-10.13","-1.37","1.83"
"49.223","-10.13","-1.37","1.80"
"49.251","-10.10","-1.38","1.79"
"49.28","-10.08","-1.38","1.78"
"49.31","-10.07","-1.38","1.77"
"49.339","-10.07","-1.35","1.74"
"49.368","-10.09","-1.32","1.74"
"49.398","-10.10","-1.27","1.75"
"49.426","-10.11","-1.22","1.76"
"49.456","-10.12","-1.17","1.79"
"49.485","-10.12","-1.12","1.81"
"49.514","-10.12","-1.09","1.85"
"49.543","-10.15","-1.07","1.87"
"49.573","-10.17","-1.06","1.88"
"49.601","-10.18","-1.05","1.88"
"49.63","-10.16","-1.03","1.91"
"49.66","-10.14","-1.02","1.91"
"49.689","-10.12","-1.05","1.91"
"49.718","-10.13","-1.06","1.92"
"49.748","-10.14","-1.06","1.91"
"49.776","-10.15","-1.07","1.89"
"49.805","-10.16","-1.08","1.88"
"49.835","-10.15","-1.08","1.89"
"49.864","-10.14","-1.09","1.88"
"49.894","-10.14","-1.09","1.85"
"49.923","-10.16","-1.09","1.83"
"49.951","-10.17","-1.08","1.80"
"49.98","-10.19","-1.07","1.78"
"50.01","-10.18","-1.09","1.77"
"50.039","-10.19","-1.11","1.76"
"50.068","-10.18","-1.11","1.75"
"50.097","-10.18","-1.08","1.75"
"50.126","-10.18","-1.04","1.76"
"50.155","-10.18","-1.01","1.78"
"50.185","-10.16","-1.00","1.80"
"50.214","-10.16","-0.99","1.82"
