"NAME:","run_3_1.csv"
"EXPERIMENT TIME:","23/05/2022 21:13:03"
"ACTIVITY TYPE:","Running"
"COUNT OF ACTUAL STEPS","166"
""
"Time [sec]","ACC X","ACC Y","ACC Z"
"0.01","8.00","-1.48","-3.22"
"0.131","8.15","-1.18","-3.07"
"0.19","8.23","-1.53","-3.07"
"0.343","8.67","-2.05","-3.76"
"0.352","9.30","-2.28","-5.11"
"0.358","10.79","-1.25","-4.14"
"0.366","10.66","-1.58","-2.66"
"0.373","12.22","-3.99","-2.07"
"0.418","10.07","-5.16","-0.36"
"0.424","4.88","-7.31","-2.84"
"0.507","3.58","-7.98","-6.52"
"0.513","7.23","-9.23","-8.74"
"0.519","16.59","-9.20","-9.94"
"0.524","22.60","-2.12","-9.84"
"0.53","18.48","0.89","-6.42"
"0.536","10.56","-2.97","-6.77"
"0.541","5.34","-2.97","-4.17"
"0.547","2.53","-1.87","-1.33"
"0.553","0.51","-0.66","0.64"
"0.559","-1.94","-0.49","0.74"
"0.565","-3.50","-0.56","-0.03"
"0.648","-2.76","-2.76","-0.26"
"0.654","-0.49","-2.25","1.10"
"0.659","4.09","-8.05","-1.12"
"0.665","17.43","-14.75","-6.83"
"0.756","31.34","-0.89","-8.87"
"0.762","16.69","1.51","-8.23"
"0.863","15.18","4.60","-5.57"
"0.869","13.37","1.23","-1.53"
"0.875","9.13","0.77","-0.51"
"0.966","-4.29","-2.86","-2.89"
"0.973","-6.06","-4.86","-4.27"
"0.978","-1.61","-2.33","2.79"
"0.985","3.09","-6.83","4.14"
"1.075","10.12","-5.34","-1.69"
"1.081","29.60","-12.91","-29.19"
"1.087","20.81","3.83","-10.05"
"1.179","16.92","4.50","-4.91"
"1.186","14.55","2.66","-7.69"
"1.191","8.90","-0.59","-5.14"
"1.198","3.68","-0.82","-2.05"
"1.286","-0.56","-1.76","1.81"
"1.293","-4.01","-1.05","5.06"
"1.299","-4.32","-0.61","1.35"
"1.39","-2.05","-1.43","-1.30"
"1.396","1.12","-3.37","-1.38"
"1.403","9.89","-8.56","-4.37"
"1.493","34.64","-12.47","-14.16"
"1.499","32.80","-1.64","-7.00"
"1.505","13.73","3.07","-6.29"
"1.511","11.89","0.97","-6.08"
"1.609","8.64","-2.05","-0.49"
"1.617","3.99","-3.43","2.40"
"1.625","-1.69","-1.79","-2.99"
"1.632","-6.47","-2.76","-2.94"
"1.731","-5.01","-1.10","-2.28"
"1.738","-1.41","-2.25","2.33"
"1.828","3.99","-6.47","2.22"
"1.927","12.22","-9.64","-0.54"
"1.933","35.53","-14.49","-31.08"
"1.939","-1.30","-1.12","2.86"
"2.029","-1.89","-3.09","4.40"
"2.092","-3.12","-2.97","3.68"
"2.204","-3.50","-2.53","0.77"
"2.21","-1.15","-6.06","-4.98"
"2.215","15.82","5.29","-14.29"
"2.221","11.30","4.55","-1.81"
"2.305","5.80","-6.72","2.89"
"2.311","2.33","-0.84","-0.79"
"2.316","-4.63","0.23","-1.53"
"2.322","-7.77","-8.49","-2.86"
"2.408","-5.96","-9.15","-5.01"
"2.414","-7.11","-0.23","0.43"
"2.419","0.56","-7.64","0.20"
"2.505","8.67","-10.53","-7.44"
"2.511","36.04","15.36","-30.62"
"2.518","24.16","1.76","-0.31"
"2.603","9.43","6.83","-3.68"
"2.609","8.59","-1.74","-4.40"
"2.615","4.37","-4.09","-2.35"
"2.62","-1.02","-1.25","3.27"
"2.707","-2.68","-1.33","3.94"
"2.712","-3.32","-1.38","3.53"
"2.718","-2.15","-1.87","0.61"
"2.805","-1.23","-3.20","0.10"
"2.811","2.07","-7.41","-6.11"
"2.816","31.26","-24.18","-22.16"
"2.902","37.07","14.24","4.32"
"2.908","20.71","-6.65","1.28"
"2.913","11.73","3.76","-5.65"
"3.002","9.43","-2.51","3.66"
"3.007","2.07","-3.86","1.18"
"3.013","-0.54","-0.79","-4.32"
"3.019","-8.13","-0.03","-3.17"
"3.108","-9.38","-8.67","-2.15"
"3.114","-6.57","-4.01","3.25"
"3.119","-0.92","-8.54","4.14"
"3.125","14.95","-12.76","-9.00"
"3.212","30.93","-8.26","-24.08"
"3.218","21.04","1.58","3.27"
"3.224","13.73","5.01","-3.73"
"3.31","7.67","-4.24","-5.70"
"3.401","2.68","-3.50","-1.69"
"3.407","-0.87","-1.56","3.43"
"3.413","-3.76","-0.43","5.67"
"3.508","2.61","5.60","-8.15"
"3.515","13.42","6.72","-12.45"
"3.52","34.94","-1.48","-12.55"
"3.606","25.41","1.74","-11.55"
"3.612","14.60","2.71","-9.36"
"3.704","13.91","3.50","-6.31"
"3.71","5.01","3.27","-1.00"
"3.962","0.46","-3.91","0.69"
"4.452","-3.55","-6.95","-1.97"
"4.585","10.28","1.00","-1.66"
"4.591","20.09","-3.63","-13.16"
"4.681","29.45","-9.84","-18.23"
"4.781","21.60","4.88","-9.76"
"4.787","2.58","0.23","1.61"
"4.793","-1.33","-2.84","1.53"
"4.8","-3.43","-2.97","3.76"
"4.806","-2.17","-3.58","0.56"
"4.899","-0.13","-2.10","-2.79"
"4.904","0.87","-0.28","-4.32"
"4.91","11.89","3.20","-6.72"
"4.915","28.14","3.76","-14.06"
"4.999","22.70","4.45","-13.47"
"5.005","13.73","9.82","-10.61"
"5.01","9.30","8.15","-5.11"
"5.095","6.31","2.53","-4.17"
"5.101","0.13","-4.45","-1.05"
"5.106","-4.45","-5.88","-0.36"
"5.112","-3.73","-2.91","-0.10"
"5.196","-0.33","-0.92","-2.15"
"5.202","2.74","0.54","-2.63"
"5.293","6.60","0.03","-1.33"
"5.299","15.90","0.18","-9.82"
"5.305","23.77","-16.21","-20.37"
"5.311","21.65","3.81","-12.47"
"5.398","11.38","3.32","-6.03"
"5.404","6.85","-0.95","-2.68"
"5.496","2.86","1.74","1.23"
"5.502","-0.56","-0.84","3.17"
"5.594","-1.74","-2.86","3.81"
"5.6","-0.69","-2.79","0.08"
"5.695","-0.03","-2.51","-2.51"
"5.701","16.85","4.60","-11.20"
"5.706","12.37","4.63","-6.93"
"5.818","5.52","1.30","-3.02"
"5.824","0.38","-4.17","-0.64"
"5.83","-4.55","-4.35","-1.23"
"5.836","-2.05","-1.28","-0.77"
"5.922","-0.15","-0.10","-2.20"
"6.014","1.64","1.07","-3.09"
"6.02","2.81","-0.46","-1.76"
"6.025","19.91","3.55","-11.73"
"6.031","16.08","6.65","-9.20"
"6.118","9.84","4.63","-6.88"
"6.124","2.86","1.61","-2.63"
"6.13","0.64","-1.25","0.08"
"6.136","-2.71","-5.24","4.52"
"6.223","-1.33","-6.16","2.94"
"6.229","-0.10","-2.33","-2.28"
"6.235","1.76","-0.56","-2.89"
"6.322","4.06","1.56","-8.59"
"6.328","21.22","7.44","-13.24"
"6.334","26.18","5.19","-14.88"
"6.34","14.39","6.34","-12.96"
"6.426","12.65","9.41","-7.41"
"6.432","7.11","6.77","-4.50"
"6.438","2.68","-1.74","-1.38"
"6.527","-0.97","-4.19","-1.64"
"6.533","-4.19","-6.88","1.02"
"6.539","-3.58","0.28","-2.10"
"6.627","-0.36","-2.51","-4.42"
"6.633","2.74","2.40","-1.25"
"6.639","18.18","2.94","-7.49"
"6.644","25.84","3.02","-20.09"
"6.734","21.47","7.11","-13.50"
"6.74","14.11","8.92","-10.38"
"6.746","9.94","2.15","-3.55"
"6.835","3.71","0.87","-0.51"
"6.841","1.05","-0.64","2.51"
"6.847","-0.23","-3.86","4.47"
"6.852","-0.33","-2.81","1.66"
"6.941","1.64","-2.94","-1.43"
"6.948","0.51","-1.92","-4.01"
"6.953","7.92","3.32","-8.59"
"7.043","25.64","8.08","-17.05"
"7.049","20.81","9.74","-11.17"
"7.055","12.55","9.97","-12.42"
"7.143","9.02","9.64","-7.44"
"7.149","6.44","5.75","-4.60"
"7.239","2.40","-1.20","-1.66"
"7.245","1.89","-6.65","-1.28"
"7.339","-5.21","-4.60","0.56"
"7.438","-1.38","-1.41","-0.43"
"7.444","18.28","1.71","-15.06"
"7.533","-1.18","-2.40","1.33"
"7.539","-3.02","-3.71","3.53"
"7.626","-2.38","-4.01","0.82"
"7.633","-0.49","-1.66","-2.02"
"7.638","2.38","1.48","-4.45"
"7.726","12.27","0.89","-6.85"
"7.733","31.52","5.11","-12.55"
"7.738","24.21","7.11","-13.09"
"7.827","14.11","7.06","-11.71"
"7.833","7.06","10.17","-7.36"
"7.839","5.60","4.12","-5.04"
"7.845","0.18","-3.17","-1.00"
"7.934","-4.09","-7.44","0.26"
"7.94","-4.83","-6.57","-0.41"
"7.946","-1.79","-3.40","-0.36"
"7.952","-0.46","0.28","-3.27"
"8.042","1.87","1.89","-1.69"
"8.048","14.03","2.20","-1.79"
"8.054","27.74","0.59","-19.86"
"8.144","23.62","5.09","-15.75"
"8.15","14.37","9.00","-9.00"
"8.156","10.07","6.72","-5.01"
"8.162","4.65","1.43","-1.02"
"8.251","3.14","-3.25","-0.31"
"8.257","-2.81","-5.60","4.27"
"8.263","0.20","-5.19","2.66"
"8.352","-1.12","-2.35","-0.74"
"8.358","1.18","0.59","-3.12"
"8.364","3.76","2.61","-7.44"
"8.37","14.19","6.08","-4.96"
"8.458","33.15","8.38","-16.44"
"8.56","20.02","6.31","-14.52"
"8.566","10.38","5.73","-8.38"
"8.661","-3.96","-8.84","-2.17"
"8.668","-4.04","-2.43","1.28"
"8.673","0.10","-1.51","-3.58"
"8.762","2.30","0.33","-4.60"
"8.768","12.01","3.89","-9.66"
"8.774","23.36","5.37","-14.29"
"8.78","26.36","1.56","-19.50"
"8.867","20.22","9.41","-13.57"
"8.873","10.99","3.09","-8.18"
"8.879","5.34","0.05","-2.58"
"8.968","1.84","0.31","0.87"
"8.974","-2.68","-3.35","4.06"
"8.98","-1.58","-3.55","4.98"
"8.986","-2.05","-2.84","1.46"
"9.075","0.28","-1.30","-2.43"
"9.081","1.38","1.69","-8.84"
"9.087","18.10","6.88","-11.53"
"9.093","30.45","1.25","-15.21"
"9.181","24.62","9.48","-7.23"
"9.281","13.85","5.85","-5.98"
"9.382","7.49","7.67","-5.98"
"9.388","4.65","1.23","-2.94"
"9.394","-1.71","-2.02","-1.53"
"9.4","1.48","1.33","-4.22"
"9.406","9.20","-1.61","-4.47"
"9.506","14.34","0.18","-2.45"
"9.512","37.96","0.77","-24.85"
"9.518","16.67","8.46","-9.61"
"9.816","9.28","3.96","-4.86"
"10.304","6.39","0.18","-0.79"
"10.456","-0.31","-2.99","-2.61"
"10.462","2.15","2.17","-2.84"
"10.467","4.50","1.00","-6.93"
"10.472","30.52","-3.37","-14.49"
"10.558","33.10","7.36","-9.94"
"10.564","17.25","5.52","-7.62"
"10.57","7.34","5.52","-6.72"
"10.658","4.55","3.27","-3.48"
"10.664","1.10","-3.86","-1.07"
"10.669","-6.34","-7.85","-1.02"
"10.675","-3.25","-3.45","-0.26"
"10.764","0.10","-1.71","-0.46"
"10.77","0.59","0.18","-3.35"
"10.776","3.76","-0.74","-1.74"
"10.87","20.53","-3.89","-5.37"
"10.876","31.80","-4.45","-23.24"
"10.882","24.54","7.36","-12.35"
"10.887","13.47","7.44","-9.33"
"10.975","9.53","2.56","-3.40"
"10.981","6.21","0.74","-2.28"
"11.072","-1.89","-1.53","1.23"
"11.079","-2.53","-4.75","-0.87"
"11.182","-1.23","-2.43","0.49"
"11.294","-1.15","-2.02","-0.56"
"11.3","-1.25","-0.66","-2.35"
"11.393","-6.16","-4.42","-0.61"
"11.4","-0.84","-1.12","-0.23"
"11.495","2.15","-1.35","-2.30"
"11.501","2.99","-0.79","-3.48"
"11.508","5.93","-4.17","-0.20"
"11.603","21.52","1.89","-7.80"
"11.609","35.02","-5.11","-26.79"
"11.615","19.25","8.74","-5.62"
"11.622","12.93","6.88","-8.26"
"11.719","13.37","-1.61","-1.92"
"11.725","-2.38","-1.15","2.33"
"11.73","-0.59","0.74","-0.05"
"11.736","-2.94","-3.50","2.20"
"11.826","-5.21","-3.71","2.43"
"11.832","-1.35","-3.50","-1.00"
"11.837","1.84","-0.74","-1.74"
"11.843","1.53","6.52","-5.88"
"11.933","13.01","-9.02","-11.38"
"11.939","36.38","5.09","-21.24"
"11.945","26.28","7.77","-5.62"
"12.035","7.77","7.82","-9.92"
"12.041","8.03","1.69","-8.46"
"12.047","3.25","-1.05","-0.82"
"12.138","0.95","-3.89","0.89"
"12.144","-6.44","-6.37","-0.59"
"12.15","-2.63","0.72","-0.31"
"12.156","0.82","-1.23","-1.97"
"12.244","0.89","0.18","-2.81"
"12.251","10.17","-4.81","-4.78"
"12.257","22.04","-0.74","-19.68"
"12.346","31.01","-1.41","-25.41"
"12.353","15.01","7.85","-4.09"
"12.445","15.75","2.51","-7.98"
"12.451","0.69","-0.54","1.74"
"12.457","-4.19","-6.88","-2.89"
"12.548","-4.98","-4.24","0.79"
"12.554","-0.61","-4.73","-1.89"
"12.56","4.60","2.84","-6.62"
"12.566","19.17","-1.18","-9.51"
"12.656","36.50","4.91","-12.68"
"12.662","24.16","3.09","-10.35"
"12.668","13.14","3.12","-8.05"
"12.763","5.57","3.53","-9.64"
"12.769","4.12","0.36","-3.22"
"12.775","-2.63","-4.47","-0.49"
"12.781","-8.10","-5.83","-0.10"
"12.87","-2.10","-0.97","1.33"
"12.877","-0.15","-0.82","-2.33"
"12.968","1.07","0.97","-2.45"
"13.068","9.41","0.46","-1.61"
"13.075","26.02","-0.26","-1.97"
"13.081","28.12","-3.58","-24.23"
"13.176","2.48","0.26","0.36"
"13.183","-1.81","-2.40","2.66"
"13.189","-3.04","-4.78","2.25"
"13.287","-1.71","-3.22","-0.82"
"13.294","0.00","-1.61","-2.07"
"13.3","2.63","2.15","-3.40"
"13.306","25.08","3.40","-9.69"
"13.402","31.54","5.24","-13.42"
"13.409","23.47","3.99","-12.37"
"13.415","13.37","7.00","-8.56"
"13.421","8.10","2.66","-2.40"
"13.53","2.91","0.41","-3.32"
"13.537","-2.33","-4.73","-1.35"
"13.543","-9.00","-7.67","-0.97"
"13.637","-2.97","-2.02","2.12"
"13.644","2.38","-3.04","-0.89"
"13.739","1.94","0.23","-4.32"
"13.746","2.91","0.05","-2.48"
"13.752","24.26","-0.00","-11.55"
"13.758","12.53","6.62","-5.83"
"13.856","10.05","0.54","-1.46"
"13.864","7.34","-0.64","-1.20"
"13.87","-0.46","-1.92","-0.28"
"13.876","-3.66","-3.60","2.05"
"13.978","-4.78","-4.45","2.99"
"13.986","0.66","-4.78","-1.18"
"13.992","0.79","-0.43","-3.07"
"13.998","8.77","-1.20","-8.44"
"14.102","26.71","0.97","-11.48"
"14.108","37.99","5.80","-11.50"
"14.114","19.76","4.22","-9.53"
"14.12","9.64","5.11","-6.77"
"14.126","6.26","1.89","-3.71"
"14.231","2.02","-1.30","-1.81"
"14.238","-3.76","-4.17","-0.10"
"14.244","-7.29","-5.52","-0.77"
"14.342","-1.51","-0.89","0.05"
"14.348","1.71","-1.38","-2.94"
"14.355","1.30","2.51","-3.76"
"14.361","10.07","-2.28","-1.05"
"14.367","25.79","-2.22","-7.59"
"14.47","37.09","-12.17","-33.41"
"14.476","13.42","8.87","-5.55"
"14.483","9.18","2.53","-5.47"
"14.576","9.87","-2.02","-1.79"
"14.583","3.91","-0.33","0.03"
"14.589","-1.20","-2.30","2.40"
"14.595","-2.76","-1.94","4.40"
"14.698","-2.89","-3.45","0.72"
"14.704","-1.53","-3.76","-1.53"
"14.71","0.03","2.48","-1.46"
"14.716","9.74","-3.25","-11.02"
"14.817","32.75","-1.66","-14.75"
"14.923","33.97","9.30","-10.12"
"15.025","13.34","5.50","-11.17"
"15.031","8.51","5.11","-8.49"
"15.126","-4.70","-5.27","0.56"
"15.132","26.28","5.50","-22.96"
"15.225","13.93","7.29","-11.32"
"15.231","7.44","2.17","-4.96"
"15.237","3.96","1.05","-0.31"
"15.328","0.20","-1.07","1.25"
"15.334","-2.12","-4.70","1.05"
"15.34","-7.06","-5.16","3.02"
"15.346","-3.22","-4.37","-0.03"
"15.665","0.69","-2.79","-6.11"
"16.15","13.78","2.43","-12.65"
"16.312","39.14","2.91","-11.40"
"16.323","18.74","6.83","-12.17"
"16.329","-2.61","-4.93","-1.76"
"16.335","-7.59","-7.23","-0.87"
"16.423","-3.07","-0.84","1.41"
"16.429","0.26","-0.79","-1.18"
"16.435","2.05","-4.73","-0.31"
"16.529","10.69","-4.52","0.79"
"16.535","36.84","1.18","-20.83"
"16.541","23.26","6.19","-18.00"
"16.547","10.66","9.36","-3.89"
"16.638","14.09","0.23","-2.10"
"16.729","3.71","1.94","1.38"
"16.735","0.74","-0.36","2.43"
"16.83","-2.97","-3.40","1.89"
"16.837","16.13","0.46","-7.75"
"16.843","38.34","4.96","-10.61"
"16.933","23.90","6.39","-9.74"
"16.939","11.76","6.57","-7.87"
"17.032","8.95","5.21","-2.53"
"17.038","6.01","1.18","-2.15"
"17.044","-1.87","-3.86","0.54"
"17.05","-5.62","-6.44","-1.48"
"17.141","-2.25","-2.38","0.13"
"17.148","0.74","-1.61","-1.05"
"17.154","1.10","1.05","-4.81"
"17.16","7.26","-3.20","1.25"
"17.251","20.60","-0.51","-7.08"
"17.257","31.88","-1.89","-24.57"
"17.263","16.23","10.28","-12.12"
"17.356","8.97","7.34","-11.43"
"17.363","10.48","-0.08","-4.60"
"17.453","-1.05","-0.51","3.04"
"17.459","-0.28","0.61","1.92"
"17.554","-2.17","-2.86","2.94"
"17.56","21.57","0.38","-9.66"
"17.566","33.31","8.21","-9.18"
"17.66","22.47","6.54","-10.63"
"17.666","10.33","9.00","-4.47"
"17.672","5.47","5.60","-0.97"
"17.768","4.65","-0.74","-0.56"
"17.775","0.31","-4.01","-0.95"
"17.781","-7.54","-8.08","-2.38"
"17.787","-1.23","-2.45","-2.81"
"17.879","4.63","-0.87","-3.02"
"17.885","2.35","1.07","-2.53"
"17.891","10.63","4.01","-10.35"
"17.988","25.74","-10.81","5.73"
"17.995","31.31","2.76","-10.48"
"18.001","13.98","10.23","-8.33"
"18.007","10.86","3.02","-6.49"
"18.013","8.56","0.43","0.31"
"18.112","2.91","0.10","1.48"
"18.118","-1.79","-3.63","1.38"
"18.124","-5.32","-4.29","4.01"
"18.13","-2.61","-3.48","-1.02"
"18.223","-0.20","-2.81","-3.73"
"18.229","1.28","-1.43","-6.57"
"18.235","16.77","-3.83","-7.16"
"18.241","35.10","3.50","-9.25"
"18.339","24.57","6.29","-10.25"
"18.346","13.14","0.51","-9.02"
"18.352","7.52","6.62","-10.79"
"18.358","6.42","-0.03","-2.86"
"18.456","-0.89","-2.94","-0.54"
"18.463","-7.31","-5.06","-1.20"
"18.469","-2.86","-2.30","-0.13"
"18.561","0.84","-1.33","-1.20"
"18.655","3.83","0.84","-2.25"
"18.756","11.09","0.15","-2.10"
"18.763","22.47","-5.78","-8.49"
"18.857","3.55","-0.20","0.38"
"18.863","-3.20","-3.40","0.13"
"18.869","1.53","-3.40","-1.94"
"18.962","5.65","-1.00","-8.77"
"18.969","26.36","3.50","-12.19"
"18.975","31.77","4.98","-9.82"
"19.067","18.41","6.24","-10.12"
"19.074","12.58","6.60","-8.51"
"19.08","7.41","4.75","-3.76"
"19.086","3.35","-0.95","-0.89"
"19.179","-2.43","-4.52","0.31"
"19.185","-5.80","-6.16","-0.38"
"19.192","-1.56","-1.89","0.46"
"19.198","0.18","-0.69","-2.97"
"19.292","4.14","1.61","-4.42"
"19.299","15.03","1.25","-4.91"
"19.305","25.03","-3.22","-9.87"
"19.398","28.09","-3.89","-17.48"
"19.404","16.97","4.78","-5.47"
"19.41","14.01","5.85","-10.25"
"19.416","8.23","-2.53","-0.28"
"19.518","2.97","-0.23","1.18"
"19.526","-3.58","-2.07","1.35"
"19.532","-6.19","-2.86","2.45"
"19.632","-1.87","-3.02","-0.10"
"19.639","0.36","-2.43","-2.94"
"19.645","2.56","-0.36","-3.50"
"19.651","13.83","5.85","-10.23"
"19.744","31.57","-0.49","-10.86"
"19.75","23.52","7.16","-14.62"
"19.757","15.80","8.23","-10.30"
"19.763","11.25","10.00","-5.60"
"19.856","7.44","4.35","-2.30"
"19.863","1.53","-4.19","-0.38"
"19.869","-3.22","-5.55","-0.08"
"19.875","-5.50","-5.73","-1.07"
"19.973","1.25","-2.97","-0.69"
"19.98","2.12","0.18","-3.60"
"20.079","4.04","4.42","-2.05"
"20.086","10.15","6.06","-8.31"
"20.092","14.83","-3.63","-15.24"
"20.098","24.39","0.92","-13.52"
"20.192","8.38","4.45","-3.94"
"20.199","4.91","2.61","-0.59"
"20.205","5.62","-7.90","2.86"
"20.214","-3.78","-4.29","2.40"
"20.317","-3.07","-4.19","1.15"
"20.324","-0.18","-6.11","-4.14"
"20.417","1.81","-0.95","-4.50"
"20.423","15.11","0.36","-8.92"
"20.518","31.11","5.01","-9.00"
"20.525","22.60","7.23","-9.05"
"20.531","-5.47","-5.85","0.10"
"20.626","-4.98","-5.27","-0.84"
"20.632","-0.97","-2.91","-2.66"
"20.638","2.15","-0.72","-3.60"
"20.733","3.55","-0.59","-0.64"
"20.739","18.58","-1.00","-5.73"
"20.745","31.24","-4.22","-19.02"
"20.751","19.89","4.01","-10.30"
"20.855","11.66","6.70","-7.36"
"20.861","11.25","0.46","-5.78"
"20.867","5.85","5.34","-2.86"
"20.873","0.51","-0.03","1.56"
"20.969","-2.74","-3.04","3.32"
"20.975","-3.27","-5.09","2.51"
"20.981","-1.79","-4.01","-0.31"
"21.075","2.02","0.61","-1.79"
"21.082","3.32","2.51","-5.85"
"21.088","14.75","1.69","-10.66"
"21.094","35.61","2.33","-14.01"
"21.188","24.44","2.53","-9.46"
"21.194","9.46","6.60","-10.63"
"21.2","8.18","12.73","-6.75"
"21.513","4.32","3.20","-2.17"
"22.001","-0.56","-6.98","0.79"
"22.168","0.61","-0.13","-3.17"
"22.174","2.99","-0.92","-2.15"
"22.18","19.07","-5.37","-4.12"
"22.273","32.49","2.40","-26.43"
"22.279","26.41","3.96","-8.49"
"22.372","13.01","7.26","-10.76"
"22.379","11.48","2.71","-0.95"
"22.385","5.32","6.26","-1.81"
"22.476","-1.38","-1.89","-2.84"
"22.483","3.68","0.82","-5.80"
"22.574","14.14","7.26","-6.39"
"22.675","30.14","2.15","-5.65"
"22.681","29.12","7.52","-11.76"
"22.687","1.64","-4.70","-0.69"
"22.781","-4.47","-7.95","-0.18"
"22.787","-4.58","-4.91","0.00"
"22.793","-0.05","-0.64","-0.66"
"22.799","0.89","1.76","-3.14"
"22.894","3.76","1.56","-0.82"
"22.9","17.48","2.07","-2.61"
"22.906","23.72","-4.32","-10.48"
"23.0","28.25","0.61","-14.55"
"23.006","16.56","10.69","-10.07"
"23.013","11.66","0.33","-7.44"
"23.019","6.60","4.27","-1.53"
"23.122","4.04","0.87","-0.28"
"23.128","-3.32","-1.56","1.74"
"23.134","-4.35","-3.50","1.12"
"23.141","-3.32","-3.96","-1.00"
"23.147","0.38","-0.87","-2.22"
"23.249","3.27","1.43","-4.58"
"23.255","15.08","3.45","-9.87"
"23.261","32.64","1.15","-9.89"
"23.267","26.84","5.14","-7.54"
"23.361","14.32","4.50","-8.23"
"23.367","9.56","6.06","-3.81"
"23.373","5.80","5.21","-2.81"
"23.38","1.33","-1.43","-1.05"
"23.473","-3.55","-5.32","-0.10"
"23.48","-4.29","-4.86","-0.23"
"23.486","-1.35","-1.64","-1.51"
"23.58","0.74","-0.74","-3.91"
"23.587","1.23","-0.43","-3.66"
"23.593","15.29","-3.83","-2.20"
"23.599","24.44","2.58","-12.91"
"23.702","30.29","2.58","-14.83"
"23.709","17.28","8.21","-7.80"
"23.715","13.91","2.20","-5.83"
"23.721","8.87","1.84","-0.43"
"23.852","-7.46","-0.03","2.33"
"23.974","3.04","1.46","-3.66"
"23.98","4.45","-0.74","-14.11"
"23.986","28.78","-4.04","-13.75"
"23.993","30.93","5.70","-7.31"
"24.093","23.26","7.39","-9.89"
"24.101","12.07","2.07","-5.04"
"24.199","7.41","5.29","-3.91"
"24.205","4.37","-0.89","-1.84"
"24.297","-1.74","-5.24","0.03"
"24.304","-6.01","-6.65","-1.02"
"24.31","11.07","1.43","-2.17"
"24.407","19.45","4.63","-12.88"
"24.414","22.11","-3.50","-15.80"
"24.42","21.50","7.62","-10.12"
"24.426","14.49","7.85","-10.53"
"24.521","9.41","0.23","-6.44"
"24.528","4.55","0.56","-0.54"
"24.534","1.66","-0.92","1.69"
"24.541","-3.53","-0.92","-1.76"
"24.637","-3.78","-4.83","1.12"
"24.643","-3.02","-4.32","-1.05"
"24.649","-0.05","-2.66","-4.86"
"24.656","7.06","-2.76","-6.75"
"24.758","30.06","0.13","-7.95"
"24.765","29.06","2.43","-11.58"
"24.771","21.65","1.84","-14.14"
"24.777","13.37","5.98","-7.52"
"24.784","6.26","3.35","-1.07"
"24.886","5.34","0.54","-2.30"
"24.893","-1.18","-3.43","-0.59"
"24.9","-7.44","-5.98","-1.61"
"25.002","-2.79","-2.66","1.10"
"25.009","0.79","-3.07","-1.71"
"25.016","1.99","-1.56","-2.38"
"25.024","11.09","0.74","-6.11"
"25.031","18.64","-2.05","-11.61"
"25.134","24.08","-3.66","-11.48"
"25.243","26.99","4.29","-10.48"
"25.25","13.68","5.85","-10.23"
"25.257","4.27","-0.46","0.69"
"25.264","0.08","-4.01","3.27"
"25.271","-3.71","-5.14","2.45"
"25.379","-4.17","-3.07","-0.69"
"25.386","-1.10","-1.66","-2.74"
"25.393","2.45","-0.69","-7.18"
"25.4","16.72","7.26","-7.59"
"25.503","30.32","0.77","-8.90"
"25.51","24.28","3.60","-12.53"
"25.516","19.20","2.40","-4.60"
"25.523","8.49","7.31","-2.79"
"25.627","8.05","4.78","-3.22"
"25.634","2.84","-3.96","-2.15"
"25.641","-2.97","-4.88","-0.33"
"25.648","-6.24","-5.88","0.23"
"25.751","-1.35","-1.02","-0.41"
"25.758","1.79","-0.05","0.33"
"25.765","5.83","0.74","-3.30"
"25.772","15.44","1.10","-7.77"
"25.871","18.35","-0.10","-14.42"
"25.878","23.65","1.66","-9.64"
"25.886","19.17","9.41","-9.51"
"25.893","11.38","4.83","-7.80"
"26.003","5.47","-1.66","0.79"
"26.011","4.47","0.74","1.74"
"26.108","-0.43","-1.87","2.28"
"26.115","-4.01","-3.40","3.09"
"26.121","2.20","-1.51","-10.94"
"26.128","17.74","0.28","-7.34"
"26.234","35.20","-0.26","-8.28"
"26.241","24.00","2.05","-10.61"
"26.247","14.37","1.58","-8.54"
"26.253","10.38","5.67","-0.61"
"26.348","6.34","3.89","-2.45"
"26.354","0.38","-1.05","-1.05"
"26.458","-5.47","-4.12","-1.12"
"26.464","-4.68","-3.73","-0.33"
"26.47","-0.36","-2.97","-0.10"
"26.477","1.94","-1.51","-1.46"
"26.574","28.43","-3.09","-9.71"
"26.58","27.56","1.58","-16.92"
"26.587","16.77","6.47","-5.75"
"26.593","12.07","6.31","-8.18"
"26.687","7.80","3.32","-3.60"
"26.694","5.14","1.38","-1.30"
"26.701","0.20","-2.30","2.56"
"26.707","-2.45","-3.50","2.12"
"26.813","-4.27","-4.14","2.22"
"26.819","-1.15","-2.05","-3.07"
"26.826","1.53","1.61","-6.06"
"26.832","10.89","0.31","-6.49"
"26.932","33.67","-0.77","-5.44"
"26.938","25.28","4.68","-7.44"
"26.944","16.74","1.61","-10.94"
"26.951","10.40","4.35","-4.93"
"27.051","9.64","5.19","-3.58"
"27.058","3.37","1.74","-2.28"
"27.064","-1.79","-4.04","-1.33"
"27.363","-5.09","-5.11","-1.46"
"27.852","-1.00","-0.18","-0.54"
"28.027","13.01","5.27","-6.24"
"28.142","11.78","4.27","-4.81"
"28.148","6.83","1.58","-0.10"
"28.154","4.35","-1.64","3.32"
"28.161","0.23","-3.37","3.50"
"28.261","-5.62","-4.93","-0.31"
"28.268","-4.78","-3.63","0.23"
"28.274","-0.26","0.59","-1.12"
"28.367","10.07","-0.84","-1.58"
"28.374","35.30","-1.99","-11.61"
"28.381","27.79","4.19","-12.68"
"28.387","11.04","3.89","-11.12"
"28.481","15.16","4.01","-9.00"
"28.488","10.28","4.06","-6.16"
"28.494","6.21","4.06","-4.60"
"28.501","2.56","-0.08","-2.02"
"28.598","-1.58","-2.68","-0.36"
"28.604","-3.55","-2.51","-0.56"
"28.611","-2.84","-3.20","-0.38"
"28.73","2.43","-0.38","-0.69"
"28.737","10.17","-2.35","-0.31"
"28.743","20.42","-0.69","-9.13"
"28.75","22.93","2.68","-17.48"
"28.756","19.43","2.56","-8.82"
"28.857","13.85","5.62","-5.73"
"28.864","10.89","2.94","-6.29"
"28.87","8.61","3.63","-1.35"
"28.876","6.65","1.84","1.74"
"28.974","2.25","-0.43","3.32"
"29.07","-1.89","-3.91","1.87"
"29.077","-3.04","-4.42","1.12"
"29.083","-1.51","-4.37","-1.15"
"29.09","1.94","-2.48","6.31"
"29.096","19.33","-1.05","-9.18"
"29.2","11.32","0.97","-9.59"
"29.207","12.17","3.04","-7.21"
"29.213","9.43","2.20","-4.17"
"29.219","2.79","-1.30","-3.45"
"29.322","-1.23","-1.99","-0.92"
"29.329","-4.91","-2.84","-0.31"
"29.335","-3.91","-2.58","0.56"
"29.342","-0.36","-1.61","-0.95"
"29.438","1.76","-0.33","-1.84"
"29.444","8.79","-5.90","-1.89"
"29.45","30.96","3.96","-8.15"
"29.457","28.32","6.52","-16.41"
"29.561","15.52","2.74","-7.80"
"29.569","13.75","6.11","-5.75"
"29.576","12.22","4.06","-5.57"
"29.674","6.47","1.66","-1.43"
"29.68","4.47","-0.31","1.05"
"29.781","0.05","-1.05","1.35"
"29.901","-3.76","-2.05","1.28"
"29.908","-4.50","-4.27","4.37"
"29.915","12.96","0.41","-11.99"
"29.921","11.50","3.73","-3.04"
"30.03","11.45","2.89","-5.75"
"30.037","5.16","2.33","-4.06"
"30.043","0.41","-0.54","-0.64"
"30.05","-2.12","-2.74","0.23"
"30.056","-6.03","-4.12","0.31"
"30.153","-1.92","-2.56","-0.59"
"30.16","0.49","-1.28","-0.51"
"30.166","4.42","-1.61","-2.38"
"30.264","15.24","-0.49","-1.74"
"30.27","27.05","0.77","-19.63"
"30.377","28.07","-0.23","-13.45"
"30.384","4.52","0.69","0.08"
"30.391","-1.38","-2.20","2.97"
"30.397","-4.58","-3.27","1.35"
"30.493","-4.14","-5.37","-1.12"
"30.5","-1.64","-2.51","-0.64"
"30.507","2.48","-1.28","-2.89"
"30.606","10.76","1.38","-1.28"
"30.612","25.89","-1.87","-8.28"
"30.619","28.30","2.30","-12.14"
"30.625","17.33","3.53","-9.15"
"30.721","14.29","6.54","-4.19"
"30.728","11.38","8.13","-2.63"
"30.735","7.16","2.07","-1.99"
"30.834","1.74","-3.76","-1.94"
"30.84","-4.32","-4.50","0.10"
"30.847","-4.83","-5.98","-1.23"
"30.853","-1.66","-2.33","-0.84"
"30.859","1.23","0.23","-4.40"
"30.961","3.66","1.43","-2.51"
"30.968","17.23","2.66","-6.06"
"30.974","25.43","2.33","-12.07"
"30.98","24.49","0.87","-9.74"
"31.076","15.47","7.92","-7.82"
"31.083","12.50","5.90","-6.21"
"31.089","7.69","5.16","-2.35"
"31.096","4.04","-1.61","0.15"
"31.204","0.72","-2.74","1.20"
"31.211","-3.07","-4.19","0.72"
"31.217","-4.22","-3.43","-0.92"
"31.224","-0.72","-1.28","-3.25"
"31.328","4.58","0.97","-7.18"
"31.335","21.27","6.31","-5.50"
"31.341","27.63","5.04","-6.54"
"31.348","19.35","3.89","-11.81"
"31.453","14.67","5.27","-8.23"
"31.46","10.81","5.09","-2.10"
"31.466","7.77","2.89","-3.02"
"31.567","0.77","-0.77","-2.07"
"31.667","-4.37","-3.25","-0.84"
"31.674","0.66","-1.12","-2.07"
"31.77","8.28","-1.87","-2.91"
"31.886","-0.54","-2.05","2.17"
"31.892","-3.76","-3.55","1.43"
"31.899","-3.60","-2.76","-0.38"
"31.998","1.41","-1.02","-1.79"
"32.005","3.27","-0.51","-3.96"
"32.011","19.33","2.25","-8.03"
"32.018","32.87","1.66","-7.80"
"32.12","23.19","3.09","-8.28"
"32.127","11.63","5.85","-7.80"
"32.134","11.32","6.16","-2.43"
"32.14","6.83","2.17","-1.41"
"32.24","2.15","-2.05","-0.92"
"32.247","-5.73","-3.53","-1.46"
"32.253","-6.54","-4.58","-3.40"
"32.26","-0.77","-1.41","-1.25"
"32.365","2.61","0.51","-3.78"
"32.372","5.62","-2.07","-3.04"
"32.378","18.76","-1.58","-5.16"
"32.385","23.19","5.29","-23.06"
"32.495","10.89","6.34","-3.96"
"32.501","12.17","6.34","-6.06"
"32.507","11.25","3.07","-4.29"
"32.514","3.81","1.05","-0.66"
"32.622","2.48","-0.28","-0.64"
"32.629","-1.02","-3.43","0.82"
"32.635","-3.32","-3.94","2.22"
"32.642","-2.30","-4.04","-1.30"
"32.648","0.87","-1.51","-2.38"
"32.753","6.06","-0.38","-7.87"
"32.762","25.59","8.61","-5.88"
"32.768","34.64","2.76","-9.61"
"32.867","17.84","1.15","-11.91"
"32.874","10.92","0.54","-5.85"
"32.88","12.27","6.14","-2.43"
"33.213","6.90","0.72","-2.33"
"33.23","2.25","-1.71","-1.30"
"33.702","-6.29","-3.60","-1.58"
"33.719","-4.22","-3.07","0.72"
"33.856","11.27","-2.43","-0.66"
"33.862","26.74","0.54","-14.47"
"33.869","28.22","-0.20","-13.24"
"33.875","15.11","6.80","-6.49"
"33.976","14.72","7.08","-8.95"
"33.983","9.48","0.95","-5.52"
"33.99","4.35","-0.84","1.30"
"33.996","1.43","-1.74","1.07"
"34.092","-5.29","-1.12","0.84"
"34.201","-5.93","-3.22","1.18"
"34.208","31.65","4.81","-10.84"
"34.215","14.65","6.29","-10.43"
"34.326","12.45","7.06","-6.65"
"34.333","10.15","4.55","-2.79"
"34.34","5.52","1.25","-2.22"
"34.347","-1.71","-3.37","-0.36"
"34.453","-9.36","-6.65","-1.25"
"34.461","-2.12","-2.25","0.64"
"34.468","1.41","0.43","-0.84"
"34.474","3.83","-0.05","-3.55"
"34.581","9.92","-3.94","-2.76"
"34.588","29.27","-1.94","-9.38"
"34.595","30.60","-1.15","-18.15"
"34.602","13.96","6.34","-7.82"
"34.71","13.09","2.89","-5.57"
"34.717","10.56","4.83","-4.09"
"34.724","5.96","5.34","-2.43"
"34.731","1.41","-1.05","0.61"
"34.738","-1.99","-2.48","0.54"
"34.852","-3.68","-4.63","1.41"
"34.859","-3.58","-5.16","0.20"
"34.866","1.12","-3.07","-1.33"
"34.873","6.57","-1.69","-4.47"
"34.981","24.00","4.52","-9.87"
"34.988","29.83","3.25","-7.31"
"34.994","21.19","3.17","-9.61"
"35.0","12.09","5.93","-6.70"
"35.007","10.48","5.60","-3.76"
"35.116","7.39","3.66","-1.79"
"35.122","-0.03","-2.79","-0.66"
"35.129","-6.11","-5.98","-0.54"
"35.135","-4.81","-4.14","1.02"
"35.142","0.15","-3.07","0.49"
"35.246","3.09","-1.48","-3.53"
"35.35","2.33","-0.36","-1.84"
"35.356","16.41","6.29","-7.00"
"35.453","32.59","8.28","-14.80"
"35.568","9.15","5.65","-2.81"
"35.67","13.37","4.24","-5.93"
"35.677","31.14","4.50","-7.95"
"35.683","27.05","0.51","-9.15"
"35.69","17.87","4.60","-9.89"
"35.789","12.63","4.96","-5.47"
"35.795","8.84","4.68","-1.28"
"35.802","4.22","0.26","-0.74"
"35.808","-3.37","-4.63","-0.89"
"35.91","-7.16","-6.24","-1.43"
"35.917","-2.94","-2.99","0.61"
"35.923","1.35","-0.36","-2.07"
"35.93","2.05","2.17","-2.91"
"36.037","12.55","-2.38","-3.25"
"36.044","27.94","3.60","-11.02"
"36.05","28.96","-1.58","-14.16"
"36.057","15.31","5.16","-5.83"
"36.063","14.24","4.63","-4.40"
"36.174","10.51","7.39","-3.20"
"36.181","4.35","3.66","-0.89"
"36.187","1.69","-2.17","0.95"
"36.193","-3.48","-4.01","1.35"
"36.294","-4.91","-6.11","1.79"
"36.3","-2.91","-5.88","-0.72"
"36.307","1.20","-2.15","-2.33"
"36.313","12.96","1.07","-7.82"
"36.415","30.55","5.52","-6.49"
"36.422","27.97","3.71","-8.95"
"36.428","16.64","2.15","-8.15"
"36.529","12.40","5.32","-7.98"
"36.536","10.00","6.80","-3.55"
"36.542","5.24","1.18","-2.66"
"36.549","-2.97","-4.86","-0.64"
"36.663","-6.85","-5.27","0.89"
"36.669","-3.45","-2.91","1.51"
"36.773","1.30","-1.84","-1.05"
"36.78","23.42","3.86","-9.25"
"36.787","15.90","8.08","-8.31"
"36.889","9.38","3.96","-5.78"
"36.895","7.11","1.71","-3.78"
"36.907","1.66","-1.35","0.46"
"36.913","-2.53","-4.17","2.45"
"37.019","-4.98","-4.19","3.14"
"37.026","-3.53","-3.50","0.41"
"37.033","1.02","-2.20","-2.35"
"37.132","4.75","0.03","-5.09"
"37.138","23.75","1.51","-6.80"
"37.243","36.50","5.29","-11.45"
"37.344","-5.83","-4.24","-0.15"
"37.351","-0.82","-1.23","0.00"
"37.358","2.45","0.89","-2.63"
"37.462","2.79","1.97","-3.68"
"37.469","13.93","-4.83","-2.81"
"37.476","26.56","1.64","-11.50"
"37.578","30.70","-2.02","-15.77"
"37.585","13.57","7.31","-5.88"
"37.592","12.09","2.71","-5.50"
"37.598","7.57","3.99","-1.97"
"37.703","5.42","3.94","1.10"
"37.71","-0.64","-2.99","1.18"
"37.717","-4.58","-5.32","1.71"
"37.724","-4.27","-4.88","0.49"
"37.834","-0.79","-3.30","-1.89"
"37.841","3.48","0.23","-2.53"
"37.946","11.94","2.74","-5.19"
"38.072","31.34","-1.30","-11.99"
"38.079","-7.52","-7.06","0.13"
"38.085","-5.75","-3.99","-0.51"
"38.092","0.38","-0.87","-1.99"
"38.202","1.69","0.08","-4.88"
"38.303","10.28","-1.07","-2.10"
"38.31","19.71","3.22","3.12"
"38.415","4.24","-0.36","0.18"
"38.422","-1.43","-2.94","2.02"
"38.429","-4.27","-4.88","1.94"
"38.435","-4.40","-4.78","-0.36"
"38.537","1.02","-0.74","-3.02"
"38.544","7.54","-1.02","-6.65"
"38.55","25.66","2.33","-7.95"
"38.557","31.57","2.63","-8.87"
"38.668","22.11","2.10","-10.58"
"38.675","14.14","4.35","-10.40"
"38.682","7.23","6.31","-3.09"
"38.688","4.58","2.61","-1.87"
"38.695","-0.87","-3.04","-1.41"
"38.807","-5.44","-5.83","-2.10"
"39.065","-4.98","-5.21","-0.59"
"39.553","0.87","-1.76","-2.20"
"39.713","3.25","-0.33","0.38"
"39.821","15.90","-1.38","-7.23"
"39.828","18.76","2.66","-19.48"
"39.949","20.02","1.87","-7.82"
"40.065","34.15","0.59","-7.85"
"40.072","18.74","7.11","-10.30"
"40.079","12.45","5.24","-6.62"
"40.085","9.94","7.49","-3.99"
"40.186","7.41","2.58","-2.20"
"40.194","2.53","-2.40","-0.95"
"40.201","-6.85","-3.60","-1.64"
"40.208","-9.25","-5.60","-1.28"
"40.317","-1.71","-0.23","-1.00"
"40.326","3.96","-0.33","-6.14"
"40.332","5.19","-5.32","-0.08"
"40.339","16.26","-1.94","-7.80"
"40.444","24.26","-0.08","-16.97"
"40.451","29.91","2.99","-16.69"
"40.558","12.22","6.95","-1.79"
"40.565","12.09","1.35","-5.27"
"40.573","-3.32","-3.99","1.05"
"40.687","-4.52","-6.72","4.52"
"40.796","-2.30","-2.35","-0.56"
"40.804","0.41","0.03","-2.05"
"40.912","9.59","4.17","-7.23"
"41.027","3.68","-1.00","-3.76"
"41.13","10.76","-5.14","-2.17"
"41.137","22.47","-2.35","-1.43"
"41.246","27.91","-0.74","-18.79"
"41.254","21.34","3.45","-9.15"
"41.261","3.27","-0.38","0.72"
"41.268","0.26","-1.92","1.46"
"41.379","-4.75","-4.55","3.48"
"41.387","-4.22","-4.52","1.48"
"41.394","-0.84","-4.09","-1.87"
"41.401","2.91","-0.10","-6.11"
"41.51","15.44","-3.35","-10.86"
"41.518","38.55","0.61","-15.34"
"41.525","22.09","3.30","-10.89"
"41.532","8.46","2.15","-9.28"
"41.539","11.61","5.19","-4.09"
"41.65","6.29","1.53","-3.20"
"41.66","2.97","-1.58","-1.66"
"41.667","-3.99","-3.37","-0.97"
"41.674","-7.16","-4.09","0.74"
"41.786","-2.71","-0.82","0.20"
"41.904","0.79","-1.99","-1.41"
"41.911","7.29","-5.16","-0.36"
"41.919","16.36","-3.55","-8.67"
"42.027","2.74","0.56","-0.82"
"42.035","-1.74","-0.77","3.04"
"42.042","-5.62","-4.65","3.07"
"42.05","-5.57","-5.50","1.94"
"42.166","-0.92","-2.40","-2.12"
"42.173","1.56","-0.15","-4.68"
"42.18","8.21","-1.92","-6.01"
"42.187","30.52","-5.21","-9.56"
"42.3","35.10","2.53","-3.12"
"42.307","13.47","2.12","-10.28"
"42.314","2.43","1.12","-1.07"
"42.32","-2.53","-3.30","0.36"
"42.423","-4.70","-4.29","-0.08"
"42.43","-1.81","-1.56","0.33"
"42.436","-1.69","-1.61","-0.66"
"42.443","3.81","-1.12","-0.61"
"42.556","13.47","-0.26","-4.45"
"42.672","26.18","-3.99","-12.47"
"42.679","12.30","3.40","-6.80"
"42.784","-3.53","-1.84","2.71"
"42.792","-4.04","-3.25","1.05"
"42.799","-1.99","-4.09","-1.25"
"42.903","1.43","-3.58","-3.22"
"42.91","4.19","-0.74","-8.03"
"42.917","21.78","-1.58","-6.31"
"42.924","35.02","6.77","-7.46"
"43.032","24.57","3.04","-11.20"
"43.04","10.99","3.22","-7.62"
"43.149","9.61","4.93","-3.73"
"43.156","5.78","3.48","-2.89"
"43.262","1.84","-2.58","-0.84"
"43.269","13.04","-2.40","-2.61"
"43.276","28.14","-4.22","-18.02"
"43.378","28.02","5.80","-9.43"
"43.385","8.03","5.04","-1.48"
"43.391","3.17","0.38","0.05"
"43.494","0.03","-1.41","1.15"
"43.501","-3.91","-2.86","2.68"
"43.508","-3.96","-4.50","0.43"
"43.613","-1.92","-3.30","-1.92"
"43.62","0.72","-1.64","-3.20"
"43.722","9.05","-0.10","-6.14"
"43.729","8.21","1.51","-8.44"
"43.735","6.01","7.16","-3.58"
"43.847","2.12","0.36","-0.74"
"43.854","-5.39","-5.47","-0.51"
"43.861","-5.93","-2.76","-0.51"
"43.868","0.97","-1.66","-0.15"
"43.876","3.71","0.05","-3.81"
"43.984","6.49","-3.99","-1.79"
"43.991","22.98","0.18","-12.50"
"44.092","28.25","0.87","-17.82"
"44.21","21.19","2.28","-10.20"
"44.217","5.44","0.26","-0.56"
"44.327","-4.29","-2.07","0.51"
"44.443","-1.56","-3.58","-1.07"
"44.45","25.64","4.98","-8.69"
"44.56","3.25","0.56","-1.76"
"44.567","-2.38","-3.66","-0.74"
"44.574","-6.37","-5.50","-0.87"
"44.58","-3.02","-2.12","1.23"
"44.695","5.24","-4.09","-3.32"
"44.913","4.75","-2.63","-2.05"
"45.552","6.90","2.61","-1.46"
"45.727","3.04","0.74","-0.15"
"45.734","-0.97","-2.86","1.64"
"45.74","-0.36","-3.76","-4.06"
"45.747","-0.23","-0.64","-7.62"
"45.857","15.72","-0.05","-10.00"
"45.868","35.89","1.79","-9.48"
"45.875","21.04","2.33","-12.22"
"45.882","10.79","2.99","-8.97"
"45.992","10.30","9.89","-6.11"
"45.999","7.36","3.99","-3.66"
"46.006","2.38","-2.45","-1.71"
"46.012","-4.40","-5.50","-0.77"
"46.019","-5.37","-3.55","1.07"
"46.125","0.31","-0.36","-0.20"
"46.132","2.10","0.05","-2.12"
"46.139","8.97","-0.84","-4.14"
"46.146","16.51","-2.89","-6.31"
"46.152","24.77","-3.53","-11.99"
"46.258","25.18","2.68","-11.35"
"46.265","14.52","5.96","-5.98"
"46.272","11.25","1.56","-4.29"
"46.279","5.29","3.99","-1.92"
"46.387","4.81","1.15","-0.18"
"46.395","-2.02","-3.14","2.79"
"46.401","-3.94","-4.32","1.20"
"46.408","-2.89","-4.04","-1.87"
"46.515","0.61","-0.64","-3.17"
"46.522","6.06","0.08","-7.08"
"46.529","26.69","3.40","-5.52"
"46.536","33.18","2.56","-7.41"
"46.641","21.60","2.35","-7.13"
"46.648","10.25","1.99","-7.52"
"46.655","9.74","6.75","-2.86"
"46.661","5.09","-1.12","-1.15"
"46.771","-1.84","-4.81","-0.49"
"46.778","-5.24","-5.24","-0.51"
"46.785","-3.43","-2.74","-0.41"
"46.792","0.89","-1.25","-2.40"
"46.799","3.22","-1.28","-2.07"
"46.906","15.75","-4.73","-4.06"
"47.023","22.88","-0.20","-11.91"
"47.138","25.41","-2.63","-15.44"
"47.266","38.80","4.35","-6.19"
"47.273","21.52","4.65","-9.59"
"47.376","12.24","1.99","-9.56"
"47.383","10.94","7.21","-4.91"
"47.39","7.98","3.73","-3.12"
"47.494","-6.57","-5.88","0.10"
"47.501","-2.38","-3.22","0.38"
"47.508","2.25","-1.35","-3.37"
"47.614","3.50","1.79","-2.97"
"47.621","22.52","-3.02","-8.26"
"47.628","14.19","0.15","-12.30"
"47.729","21.47","-0.72","-10.25"
"47.736","17.84","5.83","-7.59"
"47.743","15.44","4.78","-8.31"
"47.75","9.51","2.51","-2.28"
"47.757","5.37","0.72","-1.12"
"47.87","-0.05","-1.66","1.53"
"47.877","-4.93","-2.33","1.51"
"47.884","-2.97","-3.81","-0.15"
"47.891","-1.38","-5.04","-1.35"
"47.898","2.63","-1.76","-4.27"
"48.011","14.29","-2.33","-6.26"
"48.018","30.96","1.07","-7.80"
"48.128","12.32","5.96","-6.01"
"48.135","9.71","4.29","-1.84"
"48.245","5.55","-1.28","-1.41"
"48.252","-3.83","-4.40","-2.10"
"48.361","-7.11","-4.27","-0.97"
"48.369","25.15","1.79","-11.02"
"48.478","15.21","7.13","-8.56"
"48.486","11.48","1.69","-6.54"
"48.591","6.62","-1.10","-0.66"
"48.598","1.00","-0.46","2.81"
"48.605","-0.72","-3.20","-1.89"
"48.71","1.94","1.58","-6.70"
"48.717","16.77","2.17","-7.75"
"48.724","37.70","0.82","-9.38"
"48.831","23.31","1.74","-9.87"
"48.839","9.89","4.29","-10.74"
"48.845","2.71","-1.30","-1.30"
"48.949","-4.40","-6.14","-1.38"
"48.956","-5.32","-4.32","-0.33"
"48.963","-0.10","-0.66","-0.64"
"49.069","2.86","0.79","-0.82"
"49.076","32.11","-3.22","-17.64"
"49.083","13.39","5.90","-3.43"
"49.188","4.70","2.74","-0.13"
"49.195","0.28","-0.05","0.23"
"49.299","-3.17","-3.55","1.30"
"49.307","-4.09","-3.68","1.89"
"49.313","-1.76","-4.55","-0.69"
"49.32","0.15","-2.22","-3.89"
"49.428","8.56","-3.60","-7.26"
"49.436","32.54","-3.91","-10.99"
"49.554","8.64","2.61","-8.82"
"49.562","9.97","7.23","-3.91"
"49.569","5.98","0.43","-1.89"
"49.575","-1.35","-3.45","-0.31"
"49.684","-6.34","-5.04","-0.23"
"49.691","-4.06","-2.61","0.23"
"49.698","1.33","-1.10","-1.05"
"49.705","4.24","-0.43","-1.84"
"49.821","12.42","-1.12","-0.66"
"49.828","23.06","-0.59","-10.84"
"49.835","24.95","-5.50","-18.41"
"49.842","19.38","6.39","-4.98"
"49.959","14.93","5.96","-4.98"
"49.966","10.94","0.87","-6.70"
"50.072","4.55","-0.23","-0.61"
"50.079","3.07","-0.87","1.74"
"50.193","3.07","-3.27","-5.55"
"50.31","6.42","4.96","-2.35"
"50.318","3.91","-2.71","0.08"
"50.325","-4.63","-4.47","-2.17"
"50.435","-8.28","-6.70","-3.58"
"50.443","5.83","-1.66","-2.15"
"50.45","18.38","2.63","-12.27"
"50.769","24.13","0.95","-13.22"
"51.318","23.11","3.43","-7.29"
"51.512","10.00","-3.12","-6.21"
"51.519","39.11","-1.33","-15.34"
"51.628","23.39","4.17","-4.47"
"51.635","39.11","6.26","-14.90"
"51.642","18.92","6.77","-8.15"
"51.746","11.22","1.30","-7.80"
"51.754","5.21","1.28","-3.63"
"51.761","4.01","1.56","-1.84"
"51.767","0.00","-2.79","-0.33"
"51.879","-4.42","-2.45","-0.49"
"51.886","-5.78","-4.06","-0.69"
"51.893","-1.58","-2.02","1.43"
"51.9","4.22","-3.55","-3.25"
"51.907","3.86","-1.69","0.41"
"52.021","17.69","-2.07","-2.51"
"52.028","34.71","-2.15","-17.23"
"52.134","23.62","1.71","-14.75"
"52.141","13.34","4.75","-6.19"
"52.148","12.42","3.58","-6.01"
"52.253","3.45","-6.80","0.49"
"52.26","-5.19","-4.65","1.33"
"52.267","-4.14","-5.37","0.10"
"52.274","-0.77","-4.50","-1.46"
"52.392","2.56","-1.64","-5.47"
"52.399","18.69","-1.15","-8.51"
"52.406","37.42","-0.08","-14.11"
"52.413","22.88","5.09","-7.21"
"52.42","9.59","0.15","-11.07"
"52.527","12.22","6.16","-6.75"
"52.534","6.65","1.79","-1.71"
"52.541","1.61","-1.23","-0.54"
"52.548","-3.60","-2.40","-0.92"
"52.555","-5.57","-3.76","-0.74"
"52.669","-1.97","-2.71","0.79"
"52.676","1.33","-1.87","-0.74"
"52.683","4.63","-2.30","-0.89"
"52.69","15.01","-2.28","-7.13"
"52.696","29.96","-2.61","-17.84"
"52.804","22.39","-1.69","-14.62"
"52.811","17.31","7.85","-9.28"
"52.818","11.78","1.38","-6.75"
"52.924","8.74","1.84","-3.22"
"53.033","4.45","2.66","0.56"
"53.04","1.05","-2.05","2.15"
"53.047","-2.28","-3.22","2.58"
"53.15","17.97","2.33","-11.32"
"53.158","12.40","4.78","-6.39"
"53.164","10.58","6.67","-1.74"
"53.271","4.96","1.84","-1.46"
"53.278","2.33","-2.53","0.87"
"53.387","-4.24","-4.24","-0.38"
"53.394","3.27","-0.89","-3.20"
"53.401","9.36","-3.17","0.33"
"53.505","17.46","5.70","-7.41"
"53.512","31.03","1.02","-19.20"
"53.519","27.66","4.63","-5.44"
"53.526","13.39","5.70","-5.96"
"53.638","11.35","-0.23","-4.68"
"53.645","4.93","0.84","1.00"
"53.652","1.66","0.69","1.61"
"53.659","-2.22","-2.89","1.48"
"53.666","-3.25","-4.06","2.48"
"53.772","-1.38","-3.78","0.15"
"53.78","0.64","-3.35","-2.30"
"53.787","1.30","-1.30","-4.88"
"53.794","16.26","1.07","-9.92"
"53.907","37.81","1.61","-9.97"
"53.914","25.41","2.97","-8.44"
"53.921","11.32","3.17","-9.00"
"53.928","11.09","5.32","-4.93"
"53.935","8.41","3.99","-2.43"
"53.942","2.33","-1.33","-0.72"
"54.051","-4.45","-4.45","-0.61"
"54.059","-6.98","-4.42","0.97"
"54.066","-1.00","-1.46","0.51"
"54.072","3.17","-1.89","-2.86"
"54.181","6.83","-3.96","-1.94"
"54.188","15.08","-0.69","-4.22"
"54.195","27.22","-0.92","-21.01"
"54.202","22.32","2.53","-7.92"
"54.314","16.21","5.16","-8.05"
"54.321","13.37","2.94","-7.72"
"54.328","8.61","1.38","-2.86"
"54.434","6.29","-0.72","0.66"
"54.441","-1.81","-1.58","3.94"
"54.564","-3.89","-1.43","3.27"
"54.571","-2.99","-2.40","1.51"
"54.694","18.25","0.31","-10.58"
"54.808","-3.43","-2.81","-1.23"
"54.816","-7.64","-3.27","-0.59"
"54.823","-1.00","-2.63","0.26"
"54.83","3.37","-2.40","-2.25"
"54.942","3.58","0.28","-2.22"
"54.949","17.51","0.18","-4.09"
"54.956","25.51","-0.66","-11.20"
"54.963","25.15","-0.18","-11.32"
"54.97","14.88","4.75","-6.01"
"55.084","11.84","1.23","-5.04"
"55.091","8.46","5.62","-2.53"
"55.098","4.52","2.66","1.00"
"55.105","0.43","-2.20","1.51"
"55.112","-2.89","-3.66","1.97"
"55.224","-4.37","-4.29","1.48"
"55.237","-1.97","-2.28","-0.61"
"55.244","4.32","-1.20","-4.63"
"55.251","22.29","0.43","-11.15"
"55.362","37.30","0.84","-5.47"
"55.369","22.14","1.07","-9.02"
"55.376","9.84","3.32","-8.49"
"55.383","8.67","2.86","-4.88"
"55.494","5.90","1.94","-1.92"
"55.501","-0.28","-1.84","0.10"
"55.508","-4.63","-3.94","0.20"
"55.515","-5.16","-3.73","-0.28"
"55.522","-1.15","-1.58","-0.59"
"55.529","3.45","-1.18","-2.86"
"55.646","8.49","0.03","-0.97"
"55.653","23.77","-3.07","-3.78"
"55.66","25.64","-8.84","-17.48"
"55.668","21.70","1.07","-10.25"
"55.779","15.26","4.55","-8.41"
"55.896","15.16","3.63","-5.93"
"55.903","7.34","-2.17","-0.36"
"56.015","3.55","-0.61","2.68"
"56.022","-4.86","-2.30","-1.64"
"56.132","10.58","5.65","-4.40"
"56.14","6.62","2.33","-2.28"
"56.25","2.94","-1.48","-0.41"
"56.258","-3.35","-2.33","-1.61"
"56.364","2.45","-2.12","-3.37"
"56.371","3.66","-0.72","-4.06"
"57.104","16.54","-1.58","-5.83"
"57.64","35.51","-0.72","-15.93"
"57.817","-3.63","-2.99","0.49"
"57.824","1.71","-1.92","-1.38"
"57.831","3.73","-0.51","-3.27"
"57.838","12.19","-4.19","-3.96"
"57.95","26.97","0.20","-9.64"
"57.958","29.19","1.38","-13.98"
"57.965","19.12","3.43","-6.44"
"57.972","14.32","3.14","-5.47"
"57.979","10.40","2.74","-6.08"
"57.986","6.75","2.38","-2.17"
"58.098","2.33","-0.43","1.18"
"58.105","-0.56","-3.07","1.51"
"58.112","-4.37","-3.60","2.17"
"58.119","-4.06","-3.96","-0.69"
"58.126","0.89","-2.12","-0.72"
"58.24","4.93","0.08","-3.89"
"58.247","17.66","-0.66","-7.39"
"58.254","35.99","1.92","-7.82"
"58.261","25.13","1.23","-6.34"
"58.37","12.14","2.51","-8.54"
"58.378","10.94","2.61","-4.35"
"58.491","9.00","6.03","-3.45"
"58.499","3.76","-1.10","-1.15"
"58.609","-2.33","-3.81","-0.92"
"58.616","-7.46","-3.91","0.56"
"58.623","-4.22","-4.04","1.12"
"58.73","30.60","1.66","-18.38"
"58.738","20.99","-1.38","-7.18"
"58.852","16.05","6.57","-6.44"
"58.981","4.63","-0.36","0.18"
"58.989","3.22","0.95","-5.70"
"58.996","14.78","0.97","-6.83"
"59.003","34.08","-0.51","-8.74"
"59.01","28.76","1.25","-8.90"
"59.126","13.65","1.58","-9.59"
"59.133","11.07","3.07","-7.82"
"59.14","9.38","5.88","-4.98"
"59.147","4.63","2.66","-2.66"
"59.267","0.28","-2.12","-0.87"
"59.274","-5.09","-2.84","0.69"
"59.282","-5.88","-3.89","0.41"
"59.289","-0.49","-3.81","1.00"
"59.296","2.94","-2.40","-1.87"
"59.415","7.03","-3.17","-1.48"
"59.422","19.48","-0.56","-9.18"
"59.429","27.43","2.91","-13.16"
"59.437","21.70","0.82","-7.18"
"59.553","15.08","3.91","-5.67"
"59.56","14.03","3.48","-7.80"
"59.567","10.97","5.29","-4.65"
"59.574","6.31","1.71","-2.07"
"59.581","1.79","-2.10","0.84"
"59.589","-2.48","-4.04","3.94"
"59.701","-6.83","-1.84","1.66"
"59.709","-5.09","-3.17","2.25"
"59.716","1.74","-2.25","-0.49"
"59.723","5.65","-1.69","-2.84"
"59.836","20.48","-7.62","-10.56"
"59.85","9.71","1.02","-10.07"
"59.857","10.66","3.43","-7.29"
"59.971","9.61","4.55","-4.35"
"59.979","5.29","-0.64","-0.97"
"59.986","-1.33","-3.73","-1.33"
"59.993","-5.34","-0.82","3.86"
"60.11","-6.19","-4.65","-0.74"
"60.117","-2.17","-2.66","-0.56"
"60.124","3.17","0.20","-2.56"
"60.131","3.58","-0.49","-1.64"
"60.242","18.05","-0.46","-5.65"
"60.372","35.02","-2.81","-17.28"
"60.38","15.59","-6.75","-7.64"
"60.387","3.02","0.49","-3.17"
"60.394","0.10","0.56","0.10"
"60.51","-2.38","2.94","-1.15"
"60.642","6.29","-10.66","-8.26"
"60.65","11.68","8.97","4.04"
"60.657","9.18","-1.25","-9.07"
"60.773","9.02","-5.44","-7.03"
"60.781","8.08","-5.44","-5.73"
"60.788","8.15","0.10","-3.55"
"60.795","6.60","1.51","-2.33"
"60.911","4.86","1.28","-2.66"
"60.92","3.58","0.79","-1.66"
"60.927","2.22","-0.38","-2.45"
"61.079","12.65","-1.74","-11.04"
"61.212","7.21","-2.79","-8.74"
"61.222","6.57","-2.38","-4.88"
"61.23","5.34","0.08","-2.45"
"61.237","4.55","0.08","-1.33"
"61.352","5.16","-0.33","-2.25"
"61.36","6.98","-0.51","-3.17"
"61.367","7.87","-0.36","-4.50"
"61.374","9.46","-0.26","-5.37"
"61.381","10.66","-0.23","-5.32"
"61.496","10.02","-0.54","-4.88"
"61.504","9.13","-0.05","-3.86"
"61.511","8.26","0.41","-3.71"
"61.518","8.31","0.13","-3.99"
"61.525","8.44","-0.13","-4.12"
"61.637","8.69","0.13","-4.19"
"61.65","8.79","0.38","-4.06"
"61.759","8.74","0.49","-4.01"
"61.767","8.46","0.26","-4.19"
