"NAME:","walk_4_1.csv"
"EXPERIMENT TIME:","25-05-22 15:15"
"ACTIVITY TYPE:","Walking"
"COUNT OF ACTUAL STEPS:","60"
""
"Time [sec]","ACC X","ACC Y","ACC Z"
"0.001",".98","-8.16","1.10"
"0.172",".84","-7.69","1.14"
"0.175",".96","-8.28","0.98"
"0.177",".65","-8.39","1.65"
"0.179",".57","-7.69","1.41"
"0.181",".12","-7.57","0.98"
"0.184",".94","-7.49","0.43"
"0.355",".61","-7.02","-0.04"
"0.357",".86","-7.77","-0.39"
"0.359",".33","-8.39","0.90"
"0.361",".20","-8.47","1.65"
"0.362",".84","-8.08","2.20"
"0.364",".43","-7.57","1.84"
"0.533",".26","-6.71","0.78"
"0.535",".77","-6.90","0.71"
"0.537",".49","-6.98","0.67"
"0.539",".30","-7.34","0.51"
"0.541",".26","-7.45","0.78"
"0.716",".28","-7.18","0.94"
"0.718",".12","-7.57","1.41"
"0.72",".04","-7.65","1.18"
"0.722",".12","-7.65","0.90"
"0.724",".51","-7.65","0.71"
"0.726",".26","-7.53","1.02"
"0.901",".84","-6.86","1.10"
"0.947",".14","-8.08","2.90"
"0.951",".30","-8.79","0.39"
"0.955",".57","-14.55","8.47"
"0.958",".20","-10.36","0.67"
"0.961",".79","-9.65","-0.63"
"1.219",".43","-10.12","-2.71"
"1.223",".69","-8.83","-0.90"
"1.227",".65","-9.89","0.82"
"1.231",".20","-12.04","2.12"
"1.235",".31","-9.69","0.94"
"1.24",".47","-7.41","-0.20"
"1.244",".61","-5.02","-0.43"
"1.443",".73","-6.08","0.12"
"1.444",".55","-4.90","0.94"
"1.446",".49","-3.92","0.55"
"1.448",".55","-3.92","2.24"
"1.45",".67","-4.94","2.67"
"1.452",".98","-5.84","3.22"
"1.455",".61","-9.92","3.53"
"1.457",".26","-10.28","4.31"
"1.458","4.39","-7.85","5.61"
"1.629",".00","-11.65","6.59"
"1.631",".32","-14.08","4.04"
"1.633",".35","-10.83","-1.02"
"1.638",".96","-8.39","0.51"
"1.642",".75","-8.32","1.18"
"1.644",".57","-7.65","-0.67"
"1.826",".37","-7.22","0.47"
"1.828",".39","-6.90","0.82"
"1.83",".55","-7.14","1.69"
"1.832",".57","-6.98","0.75"
"1.834",".47","-6.79","0.55"
"1.836",".33","-6.67","1.02"
"2.007",".63","-6.32","1.06"
"2.009",".75","-6.51","0.86"
"2.011",".90","-6.00","1.26"
"2.013",".04","-6.75","1.53"
"2.014",".94","-8.28","2.55"
"2.016","6.43","-6.55","-1.10"
"2.188",".45","-9.30","2.35"
"2.19",".96","-13.96","0.94"
"2.191",".67","-14.16","-1.33"
"2.193",".86","-9.61","-2.39"
"2.195","1.41","-10.12","1.37"
"2.197",".82","-9.18","-0.78"
"2.369",".55","-11.10","1.96"
"2.371",".10","-10.28","1.26"
"2.372",".63","-6.20","0.08"
"2.374","1.73","-4.43","-0.31"
"2.376",".94","-4.86","0.39"
"2.377",".96","-5.57","1.10"
"2.549",".77","-4.20","0.55"
"2.551",".59","-3.80","2.00"
"2.553",".61","-5.41","4.04"
"2.555",".77","-7.22","3.41"
"2.556","5.77","-10.51","2.79"
"2.735",".71","-11.45","7.85"
"2.737",".53","-6.39","7.45"
"2.739",".26","-12.94","2.04"
"2.74","0.98","-16.67","0.27"
"2.742",".79","-10.67","5.92"
"2.744",".33","-6.39","-1.61"
"2.916",".12","-7.65","-1.37"
"2.937",".98","-8.28","-1.02"
"2.939",".67","-7.45","1.61"
"2.941",".69","-6.71","1.45"
"2.942",".33","-6.24","0.67"
"3.125",".67","-6.28","1.10"
"3.127",".00","-5.69","0.20"
"3.129",".77","-5.14","0.31"
"3.131",".04","-5.57","0.47"
"3.133",".10","-6.43","1.61"
"3.135",".30","-6.51","1.57"
"3.137",".10","-8.79","3.88"
"3.312",".32","-6.32","0.20"
"3.314",".53","-10.63","0.75"
"3.315",".75","-13.49","1.22"
"3.317",".12","-12.83","-2.16"
"3.319",".33","-8.20","-4.51"
"3.321",".82","-9.57","0.08"
"3.495",".79","-10.20","0.20"
"3.497",".55","-10.83","2.24"
"3.499",".73","-6.90","0.27"
"3.5",".82","-5.61","-0.67"
"3.502",".26","-4.59","-0.47"
"3.503","2.79","-4.63","-0.08"
"3.677",".51","-5.10","0.63"
"3.679",".00","-4.35","1.33"
"3.681",".98","-5.45","2.31"
"3.682",".80","-7.02","2.94"
"3.684",".65","-7.92","3.61"
"3.859",".12","-11.30","4.31"
"3.861",".34","-7.61","6.43"
"3.863",".36","-4.86","3.30"
"3.865","6.32","-11.14","3.14"
"3.866",".43","-16.83","3.88"
"3.868",".59","-8.59","3.61"
"4.042",".90","-6.43","-0.39"
"4.044",".12","-7.18","-2.20"
"4.046",".33","-8.32","-1.53"
"4.047",".86","-7.77","1.61"
"4.049",".84","-7.65","1.02"
"4.051",".61","-6.75","1.37"
"4.226",".92","-6.12","0.94"
"4.228",".43","-5.49","1.14"
"4.229",".10","-5.69","1.14"
"4.231",".63","-4.86","1.18"
"4.233",".92","-6.12","3.02"
"4.235",".06","-6.35","0.55"
"4.413",".30","-7.65","1.49"
"4.415",".43","-6.59","0.59"
"4.417",".84","-9.73","4.94"
"4.419",".00","-12.32","2.94"
"4.42",".67","-12.20","-1.61"
"4.597",".45","-11.10","-1.73"
"4.599",".31","-9.14","1.77"
"4.601",".69","-8.94","-0.35"
"4.602",".84","-11.30","1.88"
"4.604",".45","-9.30","2.12"
"4.606",".61","-6.79","0.12"
"4.781",".53","-4.86","-0.78"
"4.783",".90","-3.73","-0.04"
"4.785",".65","-5.14","0.75"
"4.786",".98","-3.65","0.55"
"4.788",".47","-4.12","2.51"
"4.79",".94","-6.35","3.73"
"4.966",".55","-6.63","3.73"
"4.968",".24","-9.81","3.33"
"4.97",".43","-11.02","8.00"
"4.972",".81","-9.85","9.73"
"4.973",".47","-14.95","-1.57"
"5.15",".37","-12.83","4.39"
"5.152",".29","-6.71","2.31"
"5.154",".06","-6.98","-2.47"
"5.156",".45","-7.77","-1.65"
"5.158",".53","-8.75","0.78"
"5.159","2.79","-7.85","1.65"
"5.161",".67","-5.96","1.96"
"5.338",".65","-6.20","0.94"
"5.34",".43","-6.08","1.10"
"5.342",".90","-5.10","0.24"
"5.343",".75","-5.49","0.71"
"5.345",".06","-5.53","2.20"
"5.347",".24","-5.57","2.12"
"5.524",".73","-7.81","3.30"
"5.526",".26","-7.02","-1.22"
"5.528",".69","-8.63","2.98"
"5.53",".10","-11.69","4.16"
"5.531",".59","-12.63","-1.33"
"5.709",".84","-11.38","-1.92"
"5.711",".37","-10.40","0.86"
"5.713",".41","-10.94","0.12"
"5.714",".71","-12.87","4.04"
"5.716",".41","-8.94","1.02"
"5.718",".80","-5.81","1.02"
"5.896",".37","-4.75","0.16"
"5.898",".04","-3.41","-1.06"
"5.9",".98","-4.86","0.39"
"5.902",".47","-3.45","0.67"
"5.903",".88","-3.73","1.29"
"5.905",".18","-5.06","2.98"
"6.083",".00","-7.10","3.49"
"6.085",".57","-8.94","1.29"
"6.087",".67","-10.08","7.57"
"6.088",".08","-7.88","7.61"
"6.09",".87","-10.04","6.20"
"6.268",".94","-18.16","-4.55"
"6.27",".75","-11.02","7.57"
"6.271",".31","-6.39","-0.63"
"6.273",".94","-7.14","-1.96"
"6.275",".67","-7.57","-1.57"
"6.277",".16","-8.12","2.82"
"6.455",".37","-6.94","1.22"
"6.457",".65","-6.59","1.26"
"6.459",".77","-7.22","1.18"
"6.461",".55","-5.92","0.51"
"6.462",".20","-5.14","1.02"
"6.464",".67","-4.90","1.53"
"6.644",".79","-4.98","1.49"
"6.646",".59","-6.35","0.94"
"6.648",".20","-7.37","4.39"
"6.65",".55","-7.02","0.43"
"6.652",".24","-7.57","2.90"
"6.653",".75","-8.98","2.67"
"6.833",".30","-14.12","0.86"
"6.835",".67","-11.22","-1.26"
"6.837",".45","-9.49","-1.10"
"6.839",".86","-9.53","-0.43"
"6.84",".08","-11.81","2.35"
"6.842",".12","-11.61","2.43"
"7.022",".90","-6.90","0.08"
"7.024",".33","-4.82","-0.39"
"7.026",".47","-2.86","-1.65"
"7.028",".94","-4.82","0.31"
"7.029",".55","-4.86","1.53"
"7.031",".20","-4.20","2.75"
"7.211",".98","-5.69","3.18"
"7.213",".63","-6.75","2.98"
"7.215",".63","-10.63","3.06"
"7.217",".32","-9.65","6.79"
"7.219",".57","-6.59","8.79"
"7.221",".67","-9.96","6.51"
"7.4","0.31","-17.57","-4.28"
"7.402",".29","-11.41","4.75"
"7.404",".90","-5.18","-0.86"
"7.406",".96","-7.30","-0.24"
"7.408",".26","-8.83","-2.12"
"7.409",".33","-8.83","2.28"
"7.59",".04","-6.75","1.84"
"7.592",".45","-6.08","1.37"
"7.594",".41","-5.92","1.06"
"7.596",".10","-5.06","1.06"
"7.598",".79","-6.04","1.02"
"7.599",".02","-5.37","1.18"
"7.78",".96","-5.61","1.96"
"7.782",".02","-7.06","3.37"
"7.786",".51","-6.86","0.00"
"7.789",".30","-11.49","3.53"
"7.97",".88","-12.55","-0.35"
"7.972",".30","-9.34","-2.35"
"7.973",".24","-9.02","-1.41"
"7.975",".45","-11.18","0.63"
"7.977",".43","-14.20","4.47"
"7.978",".35","-10.79","1.61"
"8.161",".71","-5.57","0.63"
"8.162",".43","-3.84","-2.00"
"8.164",".55","-2.31","-0.51"
"8.165","2.98","-4.16","0.08"
"8.17",".26","-4.04","1.18"
"8.171",".65","-4.63","3.26"
"8.353",".90","-6.08","3.02"
"8.355","5.33","-8.00","1.61"
"8.356",".94","-13.73","5.92"
"8.358",".43","-8.90","7.96"
"8.365","11.34","-5.10","8.51"
"8.367",".10","-17.77","-3.73"
"8.548",".06","-15.49","4.04"
"8.55",".39","-5.69","0.00"
"8.551",".43","-5.26","-2.55"
"8.553",".57","-7.92","-1.37"
"8.558",".98","-9.10","1.18"
"8.56",".79","-6.90","0.94"
"8.742",".12","-6.47","2.24"
"8.744",".26","-6.35","0.43"
"8.745",".02","-5.96","0.90"
"8.747",".82","-5.69","0.47"
"8.75",".41","-5.33","0.86"
"8.752",".90","-5.77","1.37"
"8.753",".10","-6.79","2.55"
"8.935",".75","-7.69","3.57"
"8.937",".08","-6.90","-1.49"
"8.939",".45","-9.53","4.43"
"8.94",".33","-12.47","3.06"
"8.942",".69","-11.65","-1.29"
"9.125",".35","-11.57","-1.69"
"9.127",".49","-10.36","0.55"
"9.128","1.26","-11.41","0.55"
"9.13","5.84","-12.79","3.92"
"9.131",".18","-7.88","0.63"
"9.133",".06","-6.08","-1.61"
"9.315",".82","-3.30","0.31"
"9.317",".28","-3.61","-0.20"
"9.318",".61","-4.12","1.06"
"9.32",".37","-2.67","-0.24"
"9.322",".67","-4.59","3.88"
"9.323",".94","-5.73","3.80"
"9.325","4.98","-8.00","2.86"
"9.507",".73","-14.47","4.51"
"9.509",".04","-7.65","8.16"
"9.511",".45","-5.02","10.32"
"9.513",".80","-15.34","-0.86"
"9.514","0.67","-15.69","4.71"
"9.516",".59","-6.67","1.69"
"9.699",".69","-5.18","-2.75"
"9.701",".53","-6.24","-1.53"
"9.703",".86","-7.81","-0.08"
"9.704",".51","-8.12","2.35"
"9.706",".86","-7.02","3.18"
"9.89",".65","-6.20","1.18"
"9.891",".80","-6.39","1.65"
"9.893",".73","-5.30","0.39"
"9.895",".81","-5.26","1.57"
"9.897",".88","-5.49","1.45"
"9.898",".08","-6.32","1.02"
"10.082",".82","-7.26","2.90"
"10.084",".55","-6.35","0.31"
"10.085",".94","-9.02","5.26"
"10.087",".47","-11.30","2.35"
"10.089",".10","-14.04","0.39"
"10.09",".67","-10.90","-2.31"
"10.275","3.14","-8.90","-0.78"
"10.277",".61","-11.61","1.22"
"10.279",".22","-13.81","4.59"
"10.281",".26","-8.90","1.14"
"10.283",".24","-5.30","-0.43"
"10.285",".90","-3.88","0.16"
"10.286",".92","-2.94","-1.37"
"10.471",".79","-4.47","0.67"
"10.473",".24","-3.26","1.65"
"10.474",".63","-5.26","4.04"
"10.476",".96","-5.61","3.53"
"10.478",".18","-6.75","2.90"
"10.662",".30","-12.79","2.39"
"10.664",".20","-9.22","9.85"
"10.666",".30","-10.04","10.36"
"10.668",".75","-16.08","-7.88"
"10.669",".41","-10.28","6.32"
"10.671",".98","-5.14","-0.86"
"10.673",".49","-7.14","-1.73"
"10.858",".57","-8.36","-1.92"
"10.86",".45","-8.36","2.28"
"10.861",".77","-7.22","1.29"
"10.863",".92","-6.24","2.12"
"10.865",".29","-6.59","1.29"
"10.867",".02","-5.88","0.78"
"11.051",".12","-5.02","0.47"
"11.053",".98","-5.41","0.63"
"11.055",".94","-5.88","0.59"
"11.057",".26","-7.34","3.06"
"11.058",".77","-8.04","3.30"
"11.244",".94","-5.10","-1.06"
"11.246",".43","-9.73","2.59"
"11.248",".47","-13.69","2.51"
"11.249",".47","-12.75","-2.82"
"11.251",".37","-10.43","-0.67"
"11.253","0.04","-9.49","-0.12"
"11.439",".22","-12.16","2.51"
"11.445",".79","-10.36","3.22"
"11.447",".63","-6.67","0.98"
"11.449",".02","-5.14","-0.24"
"11.451",".39","-4.04","-0.98"
"11.452",".26","-4.51","0.63"
"11.638",".10","-4.08","0.35"
"11.64",".84","-3.80","1.61"
"11.642",".14","-5.18","2.98"
"11.644",".18","-6.86","3.53"
"11.645",".24","-9.18","1.96"
"11.648",".77","-11.73","6.00"
"11.835",".53","-11.77","4.20"
"11.837","0.86","-18.67","-3.10"
"11.839","0.31","-10.87","8.47"
"11.84",".00","-5.33","-1.77"
"11.842",".30","-7.14","-0.59"
"11.844",".04","-9.26","-1.18"
"12.031",".75","-7.88","1.96"
"12.033",".04","-6.86","0.55"
"12.035",".29","-5.37","1.14"
"12.036",".94","-5.61","0.86"
"12.038",".77","-5.69","1.10"
"12.04",".98","-5.37","0.63"
"12.228",".04","-5.37","0.78"
"12.229",".30","-6.43","1.77"
"12.231",".59","-6.28","1.14"
"12.233",".75","-8.12","1.77"
"12.235",".67","-6.71","0.35"
"12.236",".96","-9.26","3.57"
"12.424",".02","-12.94","3.06"
"12.427",".28","-11.85","-2.90"
"12.428",".73","-10.98","-1.37"
"12.43",".20","-12.16","1.02"
"12.432",".00","-13.06","1.22"
"12.433",".81","-11.61","4.08"
"12.62",".26","-7.30","1.65"
"12.622",".26","-4.67","-0.55"
"12.624",".86","-3.53","-1.14"
"12.626",".82","-4.35","0.08"
"12.628",".06","-4.00","0.78"
"12.63",".41","-3.80","2.20"
"12.819",".59","-5.33","3.10"
"12.821",".53","-6.59","3.37"
"12.823",".16","-8.20","2.39"
"12.825",".96","-12.94","3.69"
"12.827",".67","-7.61","8.39"
"12.829",".39","-8.98","6.71"
"12.83",".75","-15.65","-5.69"
"13.019",".90","-13.14","5.22"
"13.021",".67","-6.47","0.20"
"13.023",".49","-8.28","-0.59"
"13.025",".63","-8.90","2.39"
"13.027",".43","-6.83","0.08"
"13.214",".16","-6.71","2.79"
"13.216",".69","-6.55","1.26"
"13.218",".26","-6.43","1.18"
"13.22",".96","-4.39","-0.08"
"13.222",".63","-6.16","1.53"
"13.223",".33","-5.18","2.04"
"13.414",".33","-6.08","2.04"
"13.416",".75","-8.28","3.02"
"13.418",".65","-6.35","0.24"
"13.42",".65","-9.18","2.98"
"13.422",".16","-13.77","3.96"
"13.423",".73","-11.69","-3.41"
"13.612",".96","-9.57","-0.98"
"13.614",".10","-10.36","-0.71"
"13.616",".92","-13.18","2.51"
"13.618",".37","-11.57","2.00"
"13.619",".94","-7.26","1.49"
"13.621",".18","-5.45","0.20"
"13.811",".14","-3.33","-1.57"
"13.813",".10","-4.47","-0.27"
"13.815",".10","-4.67","1.10"
"13.817",".00","-3.61","2.04"
"13.819",".71","-5.22","2.98"
"13.821",".49","-6.00","2.63"
"13.822",".53","-7.57","2.08"
"14.014",".77","-10.28","6.90"
"14.016",".57","-6.59","6.98"
"14.018",".38","-10.71","10.98"
"14.02","0.55","-17.10","-5.65"
"14.022",".08","-11.34","6.08"
"14.023",".22","-6.51","-1.37"
"14.215",".90","-8.32","0.20"
"14.217",".82","-8.39","-1.06"
"14.219",".63","-7.96","1.02"
"14.22",".12","-7.18","0.82"
"14.222",".49","-6.28","1.10"
"14.224",".63","-7.14","1.73"
"14.225","2.94","-6.24","1.57"
"14.417",".35","-5.33","1.61"
"14.419",".96","-5.14","0.55"
"14.42",".84","-5.33","2.43"
"14.422",".90","-6.28","1.14"
"14.424",".55","-7.61","3.26"
"14.616",".81","-6.86","1.53"
"14.618",".04","-11.14","1.53"
"14.62",".51","-13.81","-2.51"
"14.622",".18","-10.90","-1.61"
"14.624",".26","-8.63","-1.37"
"14.625",".88","-10.83","-0.08"
"14.817",".49","-12.63","2.43"
"14.819",".53","-10.24","0.47"
"14.821",".41","-5.88","0.90"
"14.823",".43","-4.39","-0.86"
"14.825",".14","-3.84","-1.06"
"14.826",".02","-4.16","0.04"
"15.018",".47","-2.98","0.98"
"15.02",".35","-4.00","2.90"
"15.022",".71","-6.51","3.80"
"15.024",".84","-7.96","3.96"
"15.025",".96","-13.30","3.02"
"15.027",".24","-7.26","6.67"
"15.219",".77","-7.49","10.43"
"15.221",".10","-15.42","-0.31"
"15.223","7.06","-17.02","2.63"
"15.224",".06","-6.86","2.20"
"15.226",".84","-6.43","-2.04"
"15.228",".31","-7.57","-1.06"
"15.421",".96","-8.51","0.75"
"15.423",".47","-6.83","0.16"
"15.425",".77","-6.67","2.16"
"15.427",".22","-6.75","0.75"
"15.429",".63","-5.88","0.63"
"15.43",".45","-4.20","0.55"
"15.432",".57","-6.43","0.82"
"15.626",".37","-6.04","2.16"
"15.628",".75","-6.35","2.75"
"15.629",".00","-8.04","3.45"
"15.631",".35","-7.41","-1.10"
"15.633",".92","-8.32","4.28"
"15.635",".80","-12.67","3.53"
"15.829",".20","-10.67","-2.90"
"15.832",".02","-9.65","0.47"
"15.834",".22","-10.79","-1.33"
"15.836",".82","-13.38","1.41"
"15.837",".39","-13.30","3.77"
"15.839",".98","-8.51","0.75"
"15.841",".79","-4.79","-0.63"
"16.034",".61","-2.82","-2.12"
"16.036",".02","-2.59","-1.29"
"16.038",".65","-4.55","0.94"
"16.04",".55","-3.22","2.16"
"16.042",".71","-5.02","2.94"
"16.043",".96","-6.94","3.88"
"16.237",".59","-10.28","1.26"
"16.239",".79","-11.57","7.73"
"16.241",".24","-7.61","7.37"
"16.243",".38","-10.12","9.02"
"16.245","0.35","-16.95","-5.49"
"16.247",".16","-10.87","3.22"
"16.443",".37","-6.12","-1.41"
"16.445",".37","-8.24","-0.08"
"16.447",".37","-8.28","-2.04"
"16.449",".06","-8.00","2.08"
"16.451",".61","-6.20","-0.63"
"16.452",".49","-6.47","1.96"
"16.649",".86","-5.92","0.12"
"16.651",".47","-5.30","0.90"
"16.653",".02","-5.96","1.02"
"16.655",".08","-5.37","1.96"
"16.657",".10","-5.92","1.96"
"16.658",".88","-6.83","2.24"
"16.66",".10","-7.37","0.43"
"16.857",".30","-6.59","1.73"
"16.859",".37","-10.47","3.84"
"16.861",".00","-12.36","0.04"
"16.863",".59","-13.89","0.08"
"16.865",".73","-9.77","-1.88"
"16.867",".04","-11.38","-0.67"
"17.063",".86","-11.49","3.02"
"17.065",".08","-5.88","0.86"
"17.067",".49","-4.59","0.27"
"17.069",".33","-3.57","-0.78"
"17.07",".26","-3.92","-0.51"
"17.072",".37","-4.94","0.82"
"17.267",".49","-4.08","1.29"
"17.269",".92","-5.33","2.79"
"17.27",".88","-7.18","4.20"
"17.272",".32","-8.55","2.98"
"17.274",".59","-11.81","5.18"
"17.276",".90","-6.51","5.57"
"17.278",".28","-11.69","8.71"
"17.473",".14","-15.14","0.24"
"17.475","1.92","-14.71","6.59"
"17.477",".31","-5.37","-1.33"
"17.479",".45","-8.71","0.08"
"17.481",".59","-8.67","-2.20"
"17.677",".10","-7.88","1.06"
"17.679",".55","-7.57","1.84"
"17.681",".10","-6.16","0.71"
"17.683",".37","-6.35","1.18"
"17.684",".59","-5.37","0.39"
"17.686",".43","-4.08","0.75"
"17.688",".28","-5.96","1.18"
"17.889",".16","-5.96","2.71"
"17.891",".98","-6.28","2.28"
"17.893",".73","-7.65","2.86"
"17.895",".59","-6.43","-0.16"
"17.897",".79","-9.89","4.08"
"17.899",".26","-12.32","3.18"
"17.9",".34","-12.28","-2.00"
"18.098",".82","-11.96","-0.47"
"18.1",".65","-11.57","-0.39"
"18.102",".88","-12.36","0.35"
"18.104",".30","-11.96","3.84"
"18.106",".71","-7.73","0.71"
"18.108",".41","-4.39","-0.47"
"18.305",".20","-3.45","-1.29"
"18.307",".51","-2.20","-0.55"
"18.309",".92","-4.16","1.26"
"18.311",".39","-3.06","1.77"
"18.313",".65","-5.37","4.63"
"18.315",".24","-5.73","2.75"
"18.316",".98","-7.26","-0.16"
"18.518",".69","-13.69","4.51"
"18.52",".43","-7.57","8.12"
"18.522",".79","-12.04","11.02"
"18.524",".22","-16.75","-6.16"
"18.526",".57","-10.28","5.69"
"18.528",".96","-5.26","-2.86"
"18.53",".02","-8.32","-0.75"
"18.728",".31","-8.47","-1.49"
"18.73",".24","-7.69","0.08"
"18.732",".90","-6.43","2.04"
"18.734",".14","-6.63","2.59"
"18.736",".33","-6.47","1.73"
"18.738",".41","-5.22","0.47"
"18.937",".77","-4.63","0.55"
"18.939",".84","-5.14","0.90"
"18.941",".96","-6.08","2.55"
"18.943",".45","-6.43","3.65"
"18.945",".14","-8.16","2.59"
"18.947",".88","-6.47","-0.27"
"19.145",".85","-9.49","2.63"
"19.147",".14","-13.93","1.84"
"19.149",".28","-11.85","-3.18"
"19.151",".59","-9.53","-2.94"
"19.153",".86","-10.98","-0.39"
"19.155",".51","-12.87","2.67"
"19.156",".94","-10.20","2.71"
"19.358",".30","-5.81","0.27"
"19.36",".33","-3.84","-0.16"
"19.363",".51","-3.41","-0.67"
"19.365",".26","-3.80","-0.82"
"19.366",".41","-4.31","1.22"
"19.368",".94","-4.08","2.79"
"19.568",".73","-6.28","2.75"
"19.57",".53","-6.75","2.47"
"19.575",".98","-9.96","2.79"
"19.578",".04","-6.39","8.08"
"19.58",".14","-10.75","8.83"
"19.583","3.96","-17.30","-3.96"
"19.785",".51","-8.71","4.79"
"19.787",".18","-6.67","-1.10"
"19.789",".41","-8.24","-0.20"
"19.79",".18","-7.85","-0.75"
"19.792",".26","-8.39","2.16"
"19.793",".35","-5.81","2.55"
"19.795",".53","-5.73","0.98"
"19.993",".57","-6.00","0.67"
"19.995",".69","-4.90","0.27"
"19.997",".75","-5.41","1.02"
"19.998",".08","-6.00","2.90"
"20.003",".59","-6.20","2.35"
"20.005",".39","-7.77","2.71"
"20.204",".34","-5.22","-1.06"
"20.213",".96","-7.26","4.55"
"20.215",".65","-9.14","1.57"
"20.216",".10","-11.34","-0.51"
"20.218",".30","-10.67","-2.43"
"20.22",".45","-10.67","0.24"
"20.221",".39","-13.26","2.67"
"20.422",".55","-12.87","3.61"
"20.424",".04","-8.94","2.00"
"20.43",".84","-5.65","-0.35"
"20.432",".08","-4.63","0.35"
"20.433",".24","-3.10","-0.90"
"20.435",".51","-3.57","-0.82"
"20.436",".43","-2.98","1.73"
"20.636",".24","-4.31","3.33"
"20.638",".98","-5.92","2.04"
"20.64",".47","-7.30","2.55"
"20.643",".81","-11.77","4.86"
"20.645","6.35","-7.34","6.98"
"20.647",".06","-6.04","9.14"
"20.648",".00","-8.39","4.98"
"20.849",".39","-20.01","0.24"
"20.851",".51","-12.16","-1.69"
"20.853",".08","-4.31","1.37"
"20.854","5.88","-4.94","-3.41"
"20.856",".16","-7.57","-2.35"
"20.858",".10","-9.38","3.45"
"21.057",".79","-7.53","3.22"
"21.06",".92","-5.61","1.69"
"21.061",".02","-5.18","0.31"
"21.063",".28","-3.41","-0.16"
"21.065",".75","-5.73","0.43"
"21.067",".96","-5.57","1.33"
"21.068",".75","-6.75","2.24"
"21.27",".14","-7.37","3.69"
"21.272",".24","-6.39","0.12"
"21.274",".18","-5.77","0.27"
"21.276",".69","-9.34","1.88"
"21.277",".90","-12.67","0.75"
"21.279",".57","-11.18","-0.78"
"21.481",".57","-10.24","0.55"
"21.483",".10","-11.38","-0.08"
"21.485",".37","-12.63","2.71"
"21.487",".08","-9.49","2.24"
"21.489",".57","-6.08","1.10"
"21.49",".16","-5.14","-0.31"
"21.492",".26","-2.59","-1.77"
"21.694",".53","-4.28","0.04"
"21.696",".94","-3.61","1.57"
"21.698",".12","-3.45","2.35"
"21.699",".51","-5.57","3.06"
"21.701",".65","-6.90","2.79"
"21.703",".75","-10.51","2.24"
"21.91",".51","-10.36","6.35"
"21.912",".32","-5.22","6.35"
"21.914",".28","-9.81","5.73"
"21.916",".78","-16.24","-0.86"
"21.918","2.63","-14.79","5.41"
"21.92",".16","-6.67","-1.45"
"21.921",".33","-6.79","-1.18"
"22.124",".75","-7.96","-2.08"
"22.125",".08","-7.22","0.94"
"22.127",".49","-8.00","2.20"
"22.129",".22","-6.63","0.67"
"22.131","1.29","-6.90","1.37"
"22.132","3.22","-5.33","0.55"
"22.134",".39","-5.49","0.78"
"22.339",".77","-4.51","1.18"
"22.341",".75","-6.59","2.16"
"22.343",".35","-5.57","0.16"
"22.345",".94","-8.16","1.57"
"22.346",".67","-7.06","2.08"
"22.348",".59","-6.51","3.10"
"22.35",".43","-8.43","2.82"
"22.555",".35","-11.53","-0.71"
"22.557",".61","-13.34","-1.77"
"22.559",".45","-11.85","0.24"
"22.561",".08","-11.34","-0.04"
"22.563",".47","-12.91","3.10"
"22.564",".28","-9.89","0.98"
"22.566",".71","-5.57","0.55"
"22.77",".49","-4.90","0.51"
"22.772",".59","-3.37","-0.27"
"22.774",".94","-4.20","0.27"
"22.776",".61","-3.26","-0.12"
"22.778",".53","-3.69","2.12"
"22.779",".88","-5.69","4.12"
"22.981",".92","-9.06","3.10"
"22.983",".84","-10.12","1.37"
"22.984",".47","-11.22","8.90"
"22.986",".96","-9.49","12.32"
"22.988",".41","-11.92","5.49"
"22.99",".65","-15.34","-5.53"
"22.992","0.47","-11.96","5.26"
"23.194",".20","-6.98","-0.98"
"23.196",".24","-8.43","-1.61"
"23.198",".84","-7.61","0.82"
"23.2",".26","-7.02","2.20"
"23.202",".88","-5.65","1.18"
"23.204",".06","-5.81","0.12"
"23.408",".55","-6.75","1.45"
"23.41",".84","-5.61","1.33"
"23.412",".63","-5.73","0.71"
"23.413",".10","-4.94","0.55"
"23.416","5.57","-5.92","2.86"
"23.42",".75","-7.26","2.16"
"23.424",".00","-9.30","1.65"
"23.631",".26","-7.10","0.94"
"23.633",".82","-11.45","2.16"
"23.635",".75","-12.94","-2.08"
"23.637",".37","-12.63","-1.26"
"23.639",".94","-12.98","2.31"
"23.64",".49","-12.12","-0.16"
"23.642",".49","-11.38","2.82"
"23.849",".06","-8.59","0.90"
"23.851",".37","-5.18","-0.08"
"23.853",".20","-3.14","-2.04"
"23.855",".92","-3.18","-1.10"
"23.857",".79","-4.04","1.10"
"23.859",".65","-3.22","0.82"
"24.065",".37","-4.43","2.55"
"24.068",".24","-6.39","3.88"
"24.07",".16","-6.71","0.63"
"24.072",".86","-14.08","3.26"
"24.073",".84","-7.57","6.51"
"24.075",".47","-8.98","10.63"
"24.077",".65","-12.71","1.96"
"24.284","2.90","-17.81","-0.90"
"24.286",".37","-6.75","-0.59"
"24.287",".59","-8.79","1.29"
"24.289",".90","-7.88","-1.41"
"24.291",".30","-7.22","-1.29"
"24.293",".31","-6.47","0.67"
"24.295",".41","-5.18","2.47"
"24.5","0.98","-6.39","0.82"
"24.502",".79","-5.41","1.84"
"24.504",".41","-5.57","1.18"
"24.506",".81","-5.22","0.00"
"24.507",".41","-5.06","1.57"
"24.509",".55","-6.35","2.28"
"24.511",".26","-9.14","3.65"
"24.718",".30","-7.41","0.86"
"24.721",".10","-9.14","3.77"
"24.722",".79","-13.42","3.45"
"24.724",".06","-12.28","-2.98"
"24.726",".32","-9.81","-0.98"
"24.728",".63","-12.04","-1.02"
"24.73",".63","-13.14","2.16"
"24.937",".12","-12.12","3.18"
"24.939",".94","-5.41","0.35"
"24.94",".59","-3.96","-1.18"
"24.942",".12","-3.10","-1.77"
"24.944",".96","-4.39","0.63"
"24.946",".31","-4.63","-0.47"
"24.948",".92","-4.51","2.55"
"25.157",".80","-5.92","4.20"
"25.16",".63","-6.32","3.18"
"25.161",".28","-9.06","2.82"
"25.164",".53","-11.81","5.45"
"25.165",".41","-9.92","7.49"
"25.167",".10","-14.67","9.41"
"25.169","3.06","-12.75","-7.73"
"25.378",".22","-6.43","3.14"
"25.38",".04","-7.49","-1.26"
"25.382",".06","-9.61","-0.51"
"25.384",".10","-8.16","0.47"
"25.386",".26","-5.22","0.43"
"25.388",".30","-5.57","1.18"
"25.598",".08","-6.32","1.02"
"25.602",".51","-6.90","2.82"
"25.604",".30","-3.96","-0.08"
"25.606",".24","-5.26","0.59"
"25.608",".04","-4.43","2.55"
"25.609",".43","-5.84","2.86"
"25.611",".30","-8.20","2.35"
"25.821",".24","-8.12","0.75"
"25.823",".02","-8.04","1.37"
"25.825",".88","-12.71","3.06"
"25.827",".34","-13.45","-1.06"
"25.829",".59","-10.51","-0.35"
"25.831",".00","-11.38","0.27"
"25.832",".86","-11.57","0.90"
"26.043",".92","-11.10","1.96"
"26.046",".98","-6.71","0.90"
"26.048",".63","-4.67","1.06"
"26.05",".29","-3.06","-1.77"
"26.052","2.47","-4.04","0.47"
"26.054",".67","-3.18","1.88"
"26.261",".98","-5.57","2.59"
"26.264",".88","-7.22","3.45"
"26.266",".08","-10.28","4.55"
"26.268",".18","-12.43","4.20"
"26.27",".28","-6.08","7.49"
"26.272",".65","-12.83","9.77"
"26.274",".45","-18.63","0.47"
"26.486",".80","-7.37","3.80"
"26.488",".92","-5.26","-2.47"
"26.49",".18","-9.92","2.63"
"26.492",".94","-8.90","-1.61"
"26.494",".26","-7.02","1.06"
"26.496",".18","-6.35","1.10"
"26.498",".71","-6.55","1.57"
"26.709",".12","-6.75","2.08"
"26.711",".04","-3.69","-0.27"
"26.713",".04","-4.67","0.55"
"26.715",".75","-4.47","1.61"
"26.717",".00","-6.51","3.22"
"26.719",".77","-6.43","1.18"
"26.721",".20","-7.61","2.28"
"26.932",".28","-7.26","1.53"
"26.935",".37","-8.71","2.51"
"26.937",".73","-13.53","3.02"
"26.938",".37","-11.65","-0.08"
"26.94",".28","-10.63","-0.67"
"26.942",".94","-10.83","-0.24"
"27.154",".49","-12.75","2.55"
"27.156",".02","-9.96","2.86"
"27.159",".10","-5.06","1.06"
"27.161",".92","-2.98","-1.80"
"27.163",".51","-3.69","0.00"
"27.164",".82","-4.08","0.20"
"27.166",".45","-4.08","2.67"
"27.376",".12","-6.24","3.88"
"27.379",".02","-6.47","3.33"
"27.38",".53","-9.02","3.41"
"27.382",".41","-12.67","4.43"
"27.384",".02","-6.67","8.83"
"27.386",".55","-9.53","11.69"
"27.388",".27","-14.55","-4.08"
"27.6",".35","-13.30","4.82"
"27.602",".75","-8.32","0.63"
"27.604",".06","-8.51","0.78"
"27.606",".24","-7.22","0.67"
"27.608",".80","-7.57","-0.12"
"27.609",".47","-6.08","0.71"
"27.611","0.47","-5.69","1.88"
"27.823",".28","-7.02","1.65"
"27.825",".63","-4.47","0.31"
"27.828",".26","-4.86","0.27"
"27.83",".28","-4.90","1.37"
"27.832",".61","-6.20","3.18"
"27.834",".22","-6.20","2.16"
"27.836",".12","-7.26","2.79"
"28.05",".04","-5.88","-0.94"
"28.053",".65","-7.85","4.86"
"28.055",".88","-10.00","2.86"
"28.057",".96","-13.02","-0.82"
"28.059",".96","-12.28","0.00"
"28.061",".79","-10.90","-1.69"
"28.063",".49","-12.71","1.65"
"28.276",".83","-10.43","2.67"
"28.278",".30","-7.30","1.02"
"28.28",".14","-6.16","0.94"
"28.282",".84","-4.28","-0.39"
"28.284",".69","-4.16","-1.10"
"28.286",".49","-4.67","0.47"
"28.288",".63","-4.16","1.18"
"28.5",".73","-4.59","1.61"
"28.502",".31","-5.49","2.04"
"28.504",".49","-7.34","3.53"
"28.506",".24","-9.57","4.59"
"28.508",".73","-10.67","4.12"
"28.51",".37","-6.90","7.10"
"28.512",".86","-8.98","6.51"
"28.726",".86","-13.14","4.08"
"28.728","0.12","-9.73","-0.27"
"28.73",".55","-6.79","-0.27"
"28.732",".06","-7.92","1.41"
"28.734",".82","-8.75","-1.57"
"28.736",".67","-7.06","2.00"
"28.948",".00","-6.71","2.12"
"28.95",".20","-6.39","0.51"
"28.952",".73","-7.26","2.98"
"28.954",".28","-4.24","0.39"
"28.956",".49","-5.96","1.18"
"28.958",".92","-5.22","1.29"
"28.96",".41","-5.69","2.86"
"29.172",".59","-5.77","0.55"
"29.174",".79","-8.36","3.88"
"29.176",".92","-6.04","0.12"
"29.178",".30","-6.43","3.41"
"29.18",".82","-9.73","1.69"
"29.182",".53","-11.81","-1.77"
"29.184",".81","-11.22","-1.57"
"29.399",".80","-12.75","-2.04"
"29.401",".53","-12.87","2.31"
"29.402",".10","-12.83","4.04"
"29.404",".77","-8.39","1.53"
"29.406",".69","-6.16","0.04"
"29.408",".51","-3.77","-0.82"
"29.41",".55","-4.12","-0.55"
"29.626",".98","-4.55","0.59"
"29.629",".26","-3.41","1.29"
"29.631",".43","-3.26","1.18"
"29.633",".35","-5.53","3.06"
"29.635",".39","-6.63","2.59"
"29.637",".53","-9.10","2.63"
"29.639",".43","-12.08","4.59"
"29.855",".90","-4.82","5.69"
"29.857",".22","-12.98","10.94"
"29.859",".86","-20.01","-2.20"
"29.861","0.39","-11.69","2.35"
"29.863",".53","-6.83","-3.65"
"29.865",".65","-9.10","1.37"
"29.867",".41","-7.34","-2.63"
"29.869","2.90","-7.53","2.08"
"30.085",".12","-7.30","2.12"
"30.087",".35","-5.65","-0.24"
"30.089",".10","-8.12","1.88"
"30.091","2.24","-4.08","-0.16"
"30.093",".30","-4.55","-0.12"
"30.095",".92","-4.94","0.98"
"30.311",".02","-5.57","1.77"
"30.313",".41","-5.57","0.55"
"30.315",".12","-9.53","3.92"
"30.317",".71","-6.51","1.14"
"30.319",".02","-7.61","0.47"
"30.321",".02","-13.77","1.88"
"30.323",".12","-13.85","-0.16"
"30.541",".88","-10.79","-4.00"
"30.544",".04","-13.38","0.47"
"30.546",".59","-13.34","4.63"
"30.548",".47","-8.83","1.73"
"30.55",".63","-5.92","2.16"
"30.552",".73","-4.51","0.04"
"30.554",".86","-5.02","1.65"
"30.556",".31","-3.45","-1.22"
"30.778",".16","-3.88","0.90"
"30.781",".75","-4.04","1.14"
"30.783",".90","-5.22","3.41"
"30.785",".37","-5.49","3.14"
"30.787",".08","-8.12","1.26"
"30.789",".53","-12.47","3.88"
"30.791",".92","-7.96","8.24"
"31.009",".00","-15.46","11.18"
"31.012","1.18","-17.77","-8.08"
"31.014",".94","-9.34","7.65"
"31.016",".26","-7.41","-2.16"
"31.018",".33","-10.51","-0.27"
"31.02",".43","-7.61","0.31"
"31.022",".94","-5.26","-1.84"
"31.239",".63","-6.39","2.39"
"31.241","0.12","-5.61","0.31"
"31.243",".51","-8.20","1.18"
"31.245",".90","-4.28","-0.27"
"31.248",".96","-5.61","1.73"
"31.252",".41","-5.37","2.20"
"31.254",".30","-5.77","1.53"
"31.484",".18","-7.02","1.73"
"31.486",".47","-6.12","-0.12"
"31.488",".18","-7.65","1.29"
"31.49",".35","-12.79","4.20"
"31.492",".61","-11.81","-1.45"
"31.493",".92","-11.81","-0.51"
"31.495","0.20","-15.57","1.73"
"31.726",".61","-13.10","4.28"
"31.728",".41","-7.49","-0.75"
"31.73",".26","-6.04","1.37"
"31.732",".55","-4.12","0.35"
"31.734",".96","-4.59","0.63"
"31.736",".92","-3.22","-0.82"
"31.737",".71","-3.33","-0.63"
"31.963",".16","-4.04","1.57"
"31.965",".80","-5.37","4.12"
"31.967",".41","-6.51","3.92"
"31.969",".55","-9.14","1.26"
"31.971",".30","-12.16","4.51"
"31.972",".69","-8.20","6.98"
"31.974",".77","-13.10","8.08"
"31.976","3.53","-17.69","-4.20"
"32.197","1.06","-9.26","6.98"
"32.202",".31","-6.39","-3.41"
"32.204",".77","-9.69","1.37"
"32.206",".37","-7.69","-1.80"
"32.208",".90","-7.30","2.31"
"32.209",".71","-7.10","1.92"
"32.211",".86","-6.67","0.51"
"32.431",".02","-8.00","0.86"
"32.433",".65","-4.55","-0.51"
"32.436",".92","-6.08","0.90"
"32.438",".51","-4.94","1.96"
"32.44",".69","-4.79","2.12"
"32.441",".98","-5.45","1.37"
"32.443",".73","-7.30","2.47"
"32.663",".08","-6.47","1.06"
"32.666",".18","-7.14","2.94"
"32.668","5.10","-6.67","1.96"
"32.671",".90","-10.20","0.12"
"32.673",".92","-11.02","-0.90"
"32.674",".16","-14.04","2.75"
"32.676",".98","-12.04","3.84"
"32.895",".83","-8.59","1.77"
"32.897",".75","-6.32","0.90"
"32.899",".14","-4.08","0.08"
"32.901",".43","-4.71","0.24"
"32.903",".39","-5.10","0.78"
"32.905",".16","-4.47","1.02"
"32.906",".04","-4.39","1.29"
"33.129",".16","-4.90","2.79"
"33.131",".37","-6.16","2.39"
"33.132",".12","-6.90","2.86"
"33.134",".00","-10.04","3.33"
"33.136",".41","-8.36","6.04"
"33.138",".92","-7.14","6.16"
"33.139",".59","-8.79","7.14"
"33.358",".77","-18.28","0.16"
"33.36","0.31","-14.47","1.37"
"33.362",".41","-6.71","0.78"
"33.364","3.88","-7.45","-0.82"
"33.366",".90","-7.53","-2.12"
"33.368",".67","-8.43","1.84"
"33.369",".73","-6.20","1.53"
"33.371",".08","-7.37","1.06"
"33.59",".49","-7.45","1.29"
"33.592",".12","-5.84","0.67"
"33.594",".73","-6.32","1.33"
"33.596",".77","-4.82","1.45"
"33.598",".61","-5.22","2.59"
"33.6",".43","-5.61","0.90"
"33.602",".26","-7.49","2.04"
"33.831",".88","-6.47","1.88"
"33.833",".71","-7.61","3.41"
"33.835",".69","-7.02","1.18"
"33.837",".24","-11.34","1.92"
"33.839",".30","-11.06","-0.63"
"33.841",".61","-11.89","-0.31"
"34.062",".31","-12.67","2.75"
"34.064",".39","-10.36","3.45"
"34.066",".02","-7.34","2.28"
"34.068",".98","-5.22","-0.59"
"34.069",".53","-3.53","-2.00"
"34.071",".47","-4.94","0.90"
"34.073",".30","-5.53","1.18"
"34.297",".90","-5.06","1.61"
"34.299",".55","-4.90","2.35"
"34.301",".30","-4.86","2.98"
"34.303",".20","-5.81","3.22"
"34.305",".30","-8.04","2.51"
"34.306",".16","-10.75","3.45"
"34.308",".35","-8.28","5.41"
"34.31",".45","-5.77","5.92"
"34.532",".90","-5.65","10.75"
"34.534",".53","-17.14","1.14"
"34.536","2.04","-16.16","-3.77"
"34.537",".28","-8.63","1.80"
"34.539",".08","-6.24","1.26"
"34.541",".90","-6.43","2.98"
"34.543",".39","-8.28","-0.20"
"34.776",".00","-8.16","2.94"
"34.779",".26","-6.00","0.20"
"34.784",".49","-6.79","1.49"
"34.787",".63","-5.61","1.18"
"34.789",".55","-6.90","1.45"
"34.791",".98","-5.88","0.82"
"34.793",".08","-5.22","2.08"
"35.028",".31","-6.00","2.16"
"35.031",".84","-7.45","2.39"
"35.033",".14","-5.57","-0.20"
"35.036",".59","-8.04","2.51"
"35.038",".10","-5.96","3.22"
"35.04",".90","-7.10","2.00"
"35.042",".04","-10.75","1.41"
"35.045",".94","-11.49","-0.55"
